date time,headPitch,alertStatus
2020/12/03 13:43:16.682,-1.0938420618085898,false,false,false
2020/12/03 13:43:16.683,-1.0946732857056065,false,false,false
2020/12/03 13:43:16.715,-1.095923477414306,false,false,false
2020/12/03 13:43:16.765,-1.0965652318732029,false,false,false
2020/12/03 13:43:16.832,-1.096426268256802,false,false,false
2020/12/03 13:43:16.832,-1.0967444779953839,false,false,false
2020/12/03 13:43:16.865,-1.0979129631622309,false,false,false
2020/12/03 13:43:16.933,-1.1006369931447555,false,false,false
2020/12/03 13:43:16.949,-1.1045633402046766,false,false,false
2020/12/03 13:43:17.015,-1.1085115753603063,false,false,false
2020/12/03 13:43:17.065,-1.110783256465945,false,false,false
2020/12/03 13:43:17.066,-1.113748271728888,false,false,false
2020/12/03 13:43:17.148,-1.1178746684451,false,false,false
2020/12/03 13:43:17.150,-1.121105229984862,false,false,false
2020/12/03 13:43:17.232,-1.1227964217460804,false,false,false
2020/12/03 13:43:17.248,-1.1218647692288952,false,false,false
2020/12/03 13:43:17.298,-1.1181617689882875,false,false,false
2020/12/03 13:43:17.315,-1.1122986023715906,false,false,false
2020/12/03 13:43:17.348,-1.1060403505956582,false,false,false
2020/12/03 13:43:17.415,-1.1005597532156643,false,false,false
2020/12/03 13:43:17.465,-1.0962784900439273,false,false,false
2020/12/03 13:43:17.466,-1.0944194963445655,false,false,false
2020/12/03 13:43:17.548,-1.095075353069598,false,false,false
2020/12/03 13:43:17.549,-1.0985792107294556,false,false,false
2020/12/03 13:43:17.598,-1.1063395061004164,false,false,false
2020/12/03 13:43:17.648,-1.1172691566585184,false,false,false
2020/12/03 13:43:17.698,-1.131762823253285,false,false,false
2020/12/03 13:43:17.732,-1.1512936621571788,false,false,false
2020/12/03 13:43:17.782,-1.1729930736900298,false,false,false
2020/12/03 13:43:17.798,-1.193237546312306,false,false,false
2020/12/03 13:43:17.882,-1.2122550405643704,false,false,false
2020/12/03 13:43:17.883,-1.2262160179474646,false,false,false
2020/12/03 13:43:17.915,-1.2348921055971185,false,false,false
2020/12/03 13:43:17.982,-1.2395146278179328,false,false,false
2020/12/03 13:43:18.016,-1.239258037185267,false,false,false
2020/12/03 13:43:18.065,-1.2352106751338165,false,false,false
2020/12/03 13:43:18.082,-1.229844787232227,false,false,false
2020/12/03 13:43:18.148,-1.228071403004808,false,false,false
2020/12/03 13:43:18.182,-1.2305351959224613,false,false,false
2020/12/03 13:43:18.198,-1.2358149392910185,false,false,false
2020/12/03 13:43:18.265,-1.2427197701887582,false,false,false
2020/12/03 13:43:18.298,-1.2497462873129754,false,false,false
2020/12/03 13:43:18.349,-1.256999648547279,false,false,false
2020/12/03 13:43:18.365,-1.266820201862594,false,false,false
2020/12/03 13:43:18.432,-1.2779888444418375,false,false,false
2020/12/03 13:43:18.449,-1.2881281729928615,false,false,false
2020/12/03 13:43:18.499,-1.297721071059941,false,false,false
2020/12/03 13:43:18.549,-1.304749468150905,false,false,false
2020/12/03 13:43:18.565,-1.3096766930120303,false,false,false
2020/12/03 13:43:18.615,-1.312514768043556,false,false,false
2020/12/03 13:43:18.665,-1.315320055421312,false,false,false
2020/12/03 13:43:18.699,-1.3180896469776051,false,false,false
2020/12/03 13:43:18.782,-1.3199742283919775,false,false,false
2020/12/03 13:43:18.783,-1.3228891533756306,false,false,false
2020/12/03 13:43:18.832,-1.3267077542230605,false,false,false
2020/12/03 13:43:18.949,-1.3306706028101047,false,false,false
2020/12/03 13:43:18.950,-1.3346111096905875,false,false,false
2020/12/03 13:43:18.965,-1.3365663539263877,false,false,false
2020/12/03 13:43:18.966,-1.337553736445825,false,false,false
2020/12/03 13:43:19.015,-1.3372552914640228,false,false,false
2020/12/03 13:43:19.065,-1.3364101975123646,false,false,false
2020/12/03 13:43:19.082,-1.3358812032901475,false,false,false
2020/12/03 13:43:19.148,-1.3358106351483774,false,false,false
2020/12/03 13:43:19.182,-1.336148080463418,false,false,false
2020/12/03 13:43:19.232,-1.3362832159624534,false,false,false
2020/12/03 13:43:19.266,-1.3356724054537792,false,false,false
2020/12/03 13:43:19.298,-1.3351738859483797,false,false,false
2020/12/03 13:43:19.332,-1.3345461881181107,false,false,false
2020/12/03 13:43:19.382,-1.333434500588838,false,false,false
2020/12/03 13:43:19.399,-1.331841742022472,false,false,false
2020/12/03 13:43:19.465,-1.3307207427201546,false,false,false
2020/12/03 13:43:19.498,-1.3284983723329078,false,false,false
2020/12/03 13:43:19.549,-1.325816865427686,false,false,false
2020/12/03 13:43:19.582,-1.3239193811218475,false,false,false
2020/12/03 13:43:19.632,-1.3225876316753309,false,false,false
2020/12/03 13:43:19.665,-1.320973173327735,false,false,false
2020/12/03 13:43:19.682,-1.319757079417917,false,false,false
2020/12/03 13:43:19.732,-1.3196105178500463,false,false,false
2020/12/03 13:43:19.782,-1.3199257895338012,false,false,false
2020/12/03 13:43:19.798,-1.3200388683896387,false,false,false
2020/12/03 13:43:19.865,-1.3204994176957938,false,false,false
2020/12/03 13:43:19.898,-1.3211394184483103,false,false,false
2020/12/03 13:43:19.982,-1.3217467483598013,false,false,false
2020/12/03 13:43:19.983,-1.3221381153743004,false,false,false
2020/12/03 13:43:20.032,-1.3222013111694235,false,false,false
2020/12/03 13:43:20.049,-1.322120881544572,false,false,false
2020/12/03 13:43:20.099,-1.3224842091618745,false,false,false
2020/12/03 13:43:20.132,-1.322783087218644,false,false,false
2020/12/03 13:43:20.249,-1.3224183807586087,false,false,false
2020/12/03 13:43:20.282,-1.322252249125559,false,false,false
2020/12/03 13:43:20.283,-1.3225078208106842,false,false,false
2020/12/03 13:43:20.432,-1.3227985637379966,false,false,false
2020/12/03 13:43:20.433,-1.3230894520196157,false,false,false
2020/12/03 13:43:20.449,-1.323290995664842,false,false,false
2020/12/03 13:43:20.450,-1.3238494119551747,false,false,false
2020/12/03 13:43:20.465,-1.3243736364832,false,false,false
2020/12/03 13:43:20.499,-1.3239898572858466,false,false,false
2020/12/03 13:43:20.532,-1.3237457462722386,false,false,false
2020/12/03 13:43:20.599,-1.3246121833509332,false,false,false
2020/12/03 13:43:20.616,-1.3258082811866299,false,false,false
2020/12/03 13:43:20.682,-1.3267247217243239,false,false,false
2020/12/03 13:43:20.715,-1.327090487908564,false,false,false
2020/12/03 13:43:20.749,-1.3275443124752087,false,false,false
2020/12/03 13:43:20.782,-1.3280434667605567,false,false,false
2020/12/03 13:43:20.832,-1.3283516691961152,false,false,false
2020/12/03 13:43:20.882,-1.328576935710896,false,false,false
2020/12/03 13:43:20.916,-1.3288574686407744,false,false,false
2020/12/03 13:43:20.949,-1.3291191886727607,false,false,false
2020/12/03 13:43:20.982,-1.3291197853790424,false,false,false
2020/12/03 13:43:21.016,-1.329047725759864,false,false,false
2020/12/03 13:43:21.065,-1.3299589443121316,false,false,false
2020/12/03 13:43:21.116,-1.3311640722040985,false,false,false
2020/12/03 13:43:21.182,-1.3319554955512443,false,false,false
2020/12/03 13:43:21.183,-1.3326654608747515,false,false,false
2020/12/03 13:43:21.217,-1.3336283555073234,false,false,false
2020/12/03 13:43:21.249,-1.335092521556502,false,false,false
2020/12/03 13:43:21.299,-1.3366978310912165,false,false,false
2020/12/03 13:43:21.332,-1.3381792574360951,false,false,false
2020/12/03 13:43:21.382,-1.3392779527606737,false,false,false
2020/12/03 13:43:21.465,-1.3407575772223383,false,false,false
2020/12/03 13:43:21.466,-1.3421691128306086,false,false,false
2020/12/03 13:43:21.515,-1.343421999815018,false,false,false
2020/12/03 13:43:21.688,-1.3450839986327938,true,false,false
2020/12/03 13:43:21.691,-1.3471058425464242,true,false,false
2020/12/03 13:43:21.693,-1.3489780724862388,true,false,false
2020/12/03 13:43:21.694,-1.3499610067522696,true,false,false
2020/12/03 13:43:21.721,-1.3502621011718543,true,false,false
2020/12/03 13:43:21.798,-1.3503243129860467,true,false,false
2020/12/03 13:43:21.799,-1.3507526626556898,true,false,false
2020/12/03 13:43:21.866,-1.3517139249266352,true,false,false
2020/12/03 13:43:21.916,-1.3527889864948248,true,false,false
2020/12/03 13:43:21.917,-1.35286210977088,true,false,false
2020/12/03 13:43:21.965,-1.3513809631384786,true,false,false
2020/12/03 13:43:22.033,-1.3495067818718403,true,false,false
2020/12/03 13:43:22.100,-1.3485459802247364,true,false,false
2020/12/03 13:43:22.134,-1.3481722006300012,true,false,false
2020/12/03 13:43:22.200,-1.3478293500242624,true,false,false
2020/12/03 13:43:22.202,-1.3478138474470238,true,false,false
2020/12/03 13:43:22.217,-1.3480678852336287,true,false,false
2020/12/03 13:43:22.219,-1.3482329889800453,true,false,false
2020/12/03 13:43:22.283,-1.3485131858956538,true,false,false
2020/12/03 13:43:22.316,-1.3490243406074127,true,false,false
2020/12/03 13:43:22.399,-1.3494853544458176,true,false,false
2020/12/03 13:43:22.401,-1.3499633111032179,true,false,false
2020/12/03 13:43:22.466,-1.3508038891784555,true,false,false
2020/12/03 13:43:22.533,-1.3515803750135829,true,false,false
2020/12/03 13:43:22.549,-1.351583884712888,true,false,false
2020/12/03 13:43:22.550,-1.3477544152248189,true,false,false
2020/12/03 13:43:22.632,-1.329837118342052,true,false,false
2020/12/03 13:43:22.633,-1.28229594474812,true,false,false
2020/12/03 13:43:22.665,-1.1974404827443448,true,false,false
2020/12/03 13:43:22.715,-1.093661806189557,true,false,false
2020/12/03 13:43:22.748,-0.9778779344509515,true,false,false
2020/12/03 13:43:22.832,-0.860669101163854,true,false,false
2020/12/03 13:43:22.833,-0.7517612368328689,true,false,false
2020/12/03 13:43:22.899,-0.6581322113220172,true,false,false
2020/12/03 13:43:22.949,-0.5794975787053196,true,false,false
2020/12/03 13:43:22.950,-0.5194375200512875,true,false,false
2020/12/03 13:43:22.999,-0.48169239120323704,true,false,false
2020/12/03 13:43:23.082,-0.4609287816926971,true,false,false
2020/12/03 13:43:23.083,-0.45482044765565316,true,false,false
2020/12/03 13:43:23.099,-0.45486932399442354,true,false,false
2020/12/03 13:43:23.249,-0.45827731818616346,true,false,false
2020/12/03 13:43:23.250,-0.4619137690770169,true,false,false
2020/12/03 13:43:23.365,-0.46636204821690586,true,false,false
2020/12/03 13:43:23.433,-0.4680126290496526,true,false,false
2020/12/03 13:43:23.483,-0.4682181547215106,true,false,false
2020/12/03 13:43:23.484,-0.4721072788690068,true,false,false
2020/12/03 13:43:23.548,-0.4778123139238796,true,false,false
2020/12/03 13:43:23.549,-0.4839117632361636,true,false,false
2020/12/03 13:43:23.565,-0.4903255894824944,true,false,false
2020/12/03 13:43:23.566,-0.4971361976768466,true,false,false
2020/12/03 13:43:23.649,-0.505569698871093,true,false,false
2020/12/03 13:43:23.649,-0.5142636238252491,true,false,false
2020/12/03 13:43:23.732,-0.5227424586534009,true,false,false
2020/12/03 13:43:23.815,-0.5384958372534345,true,false,false
2020/12/03 13:43:23.816,-0.5691122527828401,true,false,false
2020/12/03 13:43:23.898,-0.6181005249725412,true,false,false
2020/12/03 13:43:23.915,-0.6834177604486618,true,false,false
2020/12/03 13:43:23.916,-0.7645006842328248,true,false,false
2020/12/03 13:43:23.965,-0.8617379589018124,true,false,false
2020/12/03 13:43:23.966,-0.965762131781306,true,false,false
2020/12/03 13:43:24.015,-1.05988517600744,true,false,false
2020/12/03 13:43:24.016,-1.1342898598686355,true,false,false
2020/12/03 13:43:24.099,-1.1842589817433875,true,false,false
2020/12/03 13:43:24.099,-1.218397057767094,true,false,false
2020/12/03 13:43:24.165,-1.254504507718937,true,false,false
2020/12/03 13:43:24.166,-1.2790389052679967,true,false,false
2020/12/03 13:43:24.249,-1.2948350618225604,true,false,false
2020/12/03 13:43:24.266,-1.3025659674608687,true,false,false
2020/12/03 13:43:24.267,-1.3104271203904492,true,false,false
2020/12/03 13:43:24.348,-1.3160891884806023,true,false,false
2020/12/03 13:43:24.349,-1.318654936162814,true,false,false
2020/12/03 13:43:24.449,-1.321661869821477,true,false,false
2020/12/03 13:43:24.449,-1.3260166557327113,true,false,false
2020/12/03 13:43:24.554,-1.3314443960385598,false,false,false
2020/12/03 13:43:24.555,-1.337630121942255,false,false,false
2020/12/03 13:43:24.599,-1.3436878955984048,false,false,false
2020/12/03 13:43:24.683,-1.3483669700908152,false,false,false
2020/12/03 13:43:24.684,-1.350013223044585,false,false,false
2020/12/03 13:43:24.716,-1.349462831466509,false,false,false
2020/12/03 13:43:24.732,-1.3492698766249767,false,false,false
2020/12/03 13:43:24.782,-1.349156055968973,false,false,false
2020/12/03 13:43:24.783,-1.3482545540055406,false,false,false
2020/12/03 13:43:24.883,-1.3471707132330535,false,false,false
2020/12/03 13:43:24.884,-1.347019045378634,false,false,false
2020/12/03 13:43:24.965,-1.348037460510088,false,false,false
2020/12/03 13:43:24.966,-1.3492067980991578,false,false,false
2020/12/03 13:43:25.032,-1.3496975802817675,false,false,false
2020/12/03 13:43:25.065,-1.350387171618811,false,false,false
2020/12/03 13:43:25.066,-1.3526521280560186,false,false,false
2020/12/03 13:43:25.149,-1.3563306870800815,false,false,false
2020/12/03 13:43:25.165,-1.3607599397890335,false,false,false
2020/12/03 13:43:25.232,-1.3656554247906934,false,false,false
2020/12/03 13:43:25.233,-1.369975657873312,false,false,false
2020/12/03 13:43:25.332,-1.3736886534102326,false,false,false
2020/12/03 13:43:25.333,-1.3771372620221312,false,false,false
2020/12/03 13:43:25.415,-1.3796707802043426,false,false,false
2020/12/03 13:43:25.483,-1.3817096335390124,false,false,false
2020/12/03 13:43:25.484,-1.3840843524567485,false,false,false
2020/12/03 13:43:25.516,-1.3864180509188753,false,false,false
2020/12/03 13:43:25.517,-1.3881854761357353,false,false,false
2020/12/03 13:43:25.599,-1.3894273165899569,false,false,false
2020/12/03 13:43:25.600,-1.3899581351985266,false,false,false
2020/12/03 13:43:25.633,-1.389881411280291,false,false,false
2020/12/03 13:43:25.683,-1.3896161336650572,false,false,false
2020/12/03 13:43:25.783,-1.3892558146635685,false,false,false
2020/12/03 13:43:25.784,-1.3892246251949254,false,false,false
2020/12/03 13:43:25.799,-1.3894393771621274,false,false,false
2020/12/03 13:43:25.865,-1.3899036116508272,false,false,false
2020/12/03 13:43:25.949,-1.3906788014912834,false,false,false
2020/12/03 13:43:25.949,-1.3916905531779282,false,false,false
2020/12/03 13:43:25.982,-1.392858920932591,false,false,false
2020/12/03 13:43:25.998,-1.394249619872987,false,false,false
2020/12/03 13:43:26.065,-1.3967170801856037,false,false,false
2020/12/03 13:43:26.148,-1.400632114445772,false,false,false
2020/12/03 13:43:26.149,-1.4044944753841324,false,false,false
2020/12/03 13:43:26.232,-1.4067112090085732,false,false,false
2020/12/03 13:43:26.233,-1.4076361178551833,false,false,false
2020/12/03 13:43:26.298,-1.408753159382364,false,false,false
2020/12/03 13:43:26.299,-1.4108298278193783,false,false,false
2020/12/03 13:43:26.316,-1.4136392508619686,false,false,false
2020/12/03 13:43:26.415,-1.4168548469926523,false,false,false
2020/12/03 13:43:26.416,-1.4201869636597093,false,false,false
2020/12/03 13:43:26.482,-1.4233709620169088,false,false,false
2020/12/03 13:43:26.483,-1.4260873731962171,false,false,false
2020/12/03 13:43:26.506,-1.4276015635331882,false,false,false
2020/12/03 13:43:26.582,-1.42884002324231,false,false,false
2020/12/03 13:43:26.599,-1.4300208528193283,false,false,false
2020/12/03 13:43:26.665,-1.4313409992517503,false,false,false
2020/12/03 13:43:26.732,-1.4327319619999441,false,false,false
2020/12/03 13:43:26.733,-1.4341249391272848,false,false,false
2020/12/03 13:43:26.783,-1.4354591298189787,false,false,false
2020/12/03 13:43:26.832,-1.4366073178705534,false,false,false
2020/12/03 13:43:26.833,-1.437575230326525,false,false,false
2020/12/03 13:43:26.882,-1.4387236072525051,false,false,false
2020/12/03 13:43:26.949,-1.440166909736645,false,false,false
2020/12/03 13:43:26.950,-1.441533850661871,false,false,false
2020/12/03 13:43:27.015,-1.4418190328337135,false,false,false
2020/12/03 13:43:27.065,-1.4410263203559806,false,false,false
2020/12/03 13:43:27.149,-1.439676179885945,false,false,false
2020/12/03 13:43:27.150,-1.4385507224772347,false,false,false
2020/12/03 13:43:27.199,-1.4385734735583902,false,false,false
2020/12/03 13:43:27.200,-1.4394861212038403,false,false,false
2020/12/03 13:43:27.249,-1.4405325369455515,false,false,false
2020/12/03 13:43:27.299,-1.4416892120067692,false,false,false
2020/12/03 13:43:27.366,-1.4426077070621086,false,false,false
2020/12/03 13:43:27.367,-1.4428526274008069,false,false,false
2020/12/03 13:43:27.432,-1.442968322344045,false,false,false
2020/12/03 13:43:27.482,-1.4430348145687577,false,false,false
2020/12/03 13:43:27.483,-1.4430822404205865,false,false,false
2020/12/03 13:43:27.549,-1.4426319211739551,false,false,false
2020/12/03 13:43:27.566,-1.4423783677568187,false,false,false
2020/12/03 13:43:27.599,-1.4424947336119343,false,false,false
2020/12/03 13:43:27.682,-1.443072499868459,false,false,false
2020/12/03 13:43:27.684,-1.4437243537907432,false,false,false
2020/12/03 13:43:27.732,-1.4445155780296715,false,false,false
2020/12/03 13:43:27.799,-1.44540740497405,false,false,false
2020/12/03 13:43:27.800,-1.4464295432253924,false,false,false
2020/12/03 13:43:27.849,-1.4471830091790885,false,false,false
2020/12/03 13:43:27.900,-1.4478258132612687,false,false,false
2020/12/03 13:43:27.933,-1.4482504558111966,false,false,false
2020/12/03 13:43:27.982,-1.448460042009891,false,false,false
2020/12/03 13:43:28.032,-1.4486492934679025,false,false,false
2020/12/03 13:43:28.033,-1.4490569641951012,false,false,false
2020/12/03 13:43:28.132,-1.4496018496031133,false,false,false
2020/12/03 13:43:28.133,-1.4500131970306853,false,false,false
2020/12/03 13:43:28.199,-1.4498040227514233,false,false,false
2020/12/03 13:43:28.266,-1.4492490683622394,false,false,false
2020/12/03 13:43:28.267,-1.4489530153690608,false,false,false
2020/12/03 13:43:28.316,-1.4493588800195285,false,false,false
2020/12/03 13:43:28.317,-1.4496388693517444,false,false,false
2020/12/03 13:43:28.399,-1.4498569947166413,false,false,false
2020/12/03 13:43:28.449,-1.4503947842136677,false,false,false
2020/12/03 13:43:28.450,-1.4510448485903138,false,false,false
2020/12/03 13:43:28.499,-1.4507078072706914,false,false,false
2020/12/03 13:43:28.566,-1.4501432858174041,false,false,false
2020/12/03 13:43:28.567,-1.4502637154269054,false,false,false
2020/12/03 13:43:28.616,-1.4505623351549546,false,false,false
2020/12/03 13:43:28.682,-1.4505285036936686,false,false,false
2020/12/03 13:43:28.683,-1.4505784273071811,false,false,false
2020/12/03 13:43:28.732,-1.451145097200498,false,false,false
2020/12/03 13:43:28.799,-1.4519430041143935,false,false,false
2020/12/03 13:43:28.800,-1.4524504076927895,false,false,false
2020/12/03 13:43:28.866,-1.4528415101790018,false,false,false
2020/12/03 13:43:28.916,-1.45325303001194,false,false,false
2020/12/03 13:43:28.933,-1.4531204456731128,false,false,false
2020/12/03 13:43:28.982,-1.4530136172107777,false,false,false
2020/12/03 13:43:29.049,-1.4532784657523576,false,false,false
2020/12/03 13:43:29.050,-1.453843669532035,false,false,false
2020/12/03 13:43:29.099,-1.4540034118164449,false,false,false
2020/12/03 13:43:29.166,-1.4540071754140633,false,false,false
2020/12/03 13:43:29.182,-1.454096116055949,false,false,false
2020/12/03 13:43:29.216,-1.4540791967994353,false,false,false
2020/12/03 13:43:29.249,-1.4538540585880508,false,false,false
2020/12/03 13:43:29.283,-1.4536221909738218,false,false,false
2020/12/03 13:43:29.349,-1.4534539085409557,false,false,false
2020/12/03 13:43:29.399,-1.4530376954994992,false,false,false
2020/12/03 13:43:29.400,-1.4521520826460022,false,false,false
2020/12/03 13:43:29.466,-1.4503115510787101,false,false,false
2020/12/03 13:43:29.516,-1.447815988624264,false,false,false
2020/12/03 13:43:29.532,-1.4446353841173372,false,false,false
2020/12/03 13:43:29.582,-1.4411093739634495,false,false,false
2020/12/03 13:43:29.682,-1.4379337134769838,false,false,false
2020/12/03 13:43:29.683,-1.4357367158129917,false,false,false
2020/12/03 13:43:29.716,-1.4344630754219307,false,false,false
2020/12/03 13:43:29.766,-1.4343489170201826,false,false,false
2020/12/03 13:43:29.767,-1.4351041706590038,false,false,false
2020/12/03 13:43:29.816,-1.436176606729291,false,false,false
2020/12/03 13:43:29.882,-1.4374731337168072,false,false,false
2020/12/03 13:43:29.883,-1.4383682700260358,false,false,false
2020/12/03 13:43:29.933,-1.438425026926674,false,false,false
2020/12/03 13:43:29.999,-1.4380516920330904,false,false,false
2020/12/03 13:43:30.066,-1.4378113904585854,false,false,false
2020/12/03 13:43:30.067,-1.4375780786783838,false,false,false
2020/12/03 13:43:30.132,-1.436875321124649,false,false,false
2020/12/03 13:43:30.134,-1.4355394451844699,false,false,false
2020/12/03 13:43:30.182,-1.4330971076774808,false,false,false
2020/12/03 13:43:30.233,-1.4299509159344306,false,false,false
2020/12/03 13:43:30.249,-1.4275373185733047,false,false,false
2020/12/03 13:43:30.299,-1.4262694861814027,false,false,false
2020/12/03 13:43:30.366,-1.4262683699125944,false,false,false
2020/12/03 13:43:30.417,-1.4267506442810505,false,false,false
2020/12/03 13:43:30.417,-1.4270841520632294,false,false,false
2020/12/03 13:43:30.564,-1.42730131365128,true,false,false
2020/12/03 13:43:30.669,-1.427655671664069,true,false,false
2020/12/03 13:43:30.671,-1.4279349181424144,true,false,false
2020/12/03 13:43:30.685,-1.4283737118210629,true,false,false
2020/12/03 13:43:30.687,-1.4285032881584334,true,false,false
2020/12/03 13:43:30.702,-1.4283377286662309,true,false,false
2020/12/03 13:43:30.752,-1.4283283250193992,true,false,false
2020/12/03 13:43:30.755,-1.4280001596994762,true,false,false
2020/12/03 13:43:30.835,-1.4270595301337585,true,false,false
2020/12/03 13:43:30.837,-1.4261023680102016,true,false,false
2020/12/03 13:43:30.917,-1.4258746114783878,true,false,false
2020/12/03 13:43:30.920,-1.425517684129909,true,false,false
2020/12/03 13:43:31.000,-1.4252319236430657,true,false,false
2020/12/03 13:43:31.002,-1.4254753672825105,true,false,false
2020/12/03 13:43:31.067,-1.4257660270630903,true,false,false
2020/12/03 13:43:31.116,-1.4254502536833733,true,false,false
2020/12/03 13:43:31.118,-1.4247390023575621,true,false,false
2020/12/03 13:43:31.167,-1.4235230974841047,true,false,false
2020/12/03 13:43:31.183,-1.4214295034289244,true,false,false
2020/12/03 13:43:31.266,-1.4179070005455918,true,false,false
2020/12/03 13:43:31.267,-1.4131446854811938,true,false,false
2020/12/03 13:43:31.300,-1.407557518830238,true,false,false
2020/12/03 13:43:31.400,-1.400276491705048,true,false,false
2020/12/03 13:43:31.466,-1.3895315588699693,true,false,false
2020/12/03 13:43:31.467,-1.3701473784824523,true,false,false
2020/12/03 13:43:31.483,-1.3372522909570306,true,false,false
2020/12/03 13:43:31.550,-1.280979547584964,true,false,false
2020/12/03 13:43:31.551,-1.1971848017531725,true,false,false
2020/12/03 13:43:31.616,-1.0946379839916984,true,false,false
2020/12/03 13:43:31.646,-0.9881019700500524,true,false,false
2020/12/03 13:43:31.716,-0.8939326496820545,true,false,false
2020/12/03 13:43:31.717,-0.8125429213681475,true,false,false
2020/12/03 13:43:31.733,-0.7487483392589898,true,false,false
2020/12/03 13:43:31.816,-0.7016250032773449,true,false,false
2020/12/03 13:43:31.883,-0.6646197646236531,true,false,false
2020/12/03 13:43:31.916,-0.636454270649021,true,false,false
2020/12/03 13:43:31.982,-0.6157637541341472,true,false,false
2020/12/03 13:43:31.983,-0.6006897622099092,true,false,false
2020/12/03 13:43:31.999,-0.5897189566541439,true,false,false
2020/12/03 13:43:32.016,-0.5817128593482485,true,false,false
2020/12/03 13:43:32.065,-0.5761820045522986,true,false,false
2020/12/03 13:43:32.099,-0.5724681777222448,true,false,false
2020/12/03 13:43:32.133,-0.5707336023487829,true,false,false
2020/12/03 13:43:32.216,-0.5707385025190908,true,false,false
2020/12/03 13:43:32.217,-0.5730004626275049,true,false,false
2020/12/03 13:43:32.299,-0.5796913345797874,true,false,false
2020/12/03 13:43:32.366,-0.5898151062919109,true,false,false
2020/12/03 13:43:32.367,-0.6029577381411646,true,false,false
2020/12/03 13:43:32.383,-0.6229590273549857,true,false,false
2020/12/03 13:43:32.449,-0.6550532197276319,true,false,false
2020/12/03 13:43:32.466,-0.6978685484327097,true,false,false
2020/12/03 13:43:32.533,-0.7560750747698313,true,false,false
2020/12/03 13:43:32.549,-0.8246177696684502,true,false,false
2020/12/03 13:43:32.632,-0.9001500649716608,true,false,false
2020/12/03 13:43:32.633,-0.9902869836585771,true,false,false
2020/12/03 13:43:32.699,-1.0898605827335677,true,false,false
2020/12/03 13:43:32.783,-1.177856777426924,true,false,false
2020/12/03 13:43:32.833,-1.2455038277028998,true,false,false
2020/12/03 13:43:32.834,-1.2942356129159143,true,false,false
2020/12/03 13:43:32.850,-1.3311560520682646,true,false,false
2020/12/03 13:43:32.899,-1.3598815400818043,true,false,false
2020/12/03 13:43:32.900,-1.3782479458025334,true,false,false
2020/12/03 13:43:33.016,-1.3918785341031923,true,false,false
2020/12/03 13:43:33.017,-1.4000075699236638,true,false,false
2020/12/03 13:43:33.099,-1.4054598754609626,true,false,false
2020/12/03 13:43:33.100,-1.409596698224463,true,false,false
2020/12/03 13:43:33.166,-1.4126497643458402,true,false,false
2020/12/03 13:43:33.167,-1.4152776705706276,true,false,false
2020/12/03 13:43:33.183,-1.417343503495435,true,false,false
2020/12/03 13:43:33.249,-1.4187484248920177,true,false,false
2020/12/03 13:43:33.266,-1.4199994383531642,true,false,false
2020/12/03 13:43:33.316,-1.4213881085998659,true,false,false
2020/12/03 13:43:33.399,-1.422551622009932,true,false,false
2020/12/03 13:43:33.400,-1.4228151220982224,true,false,false
2020/12/03 13:43:33.433,-1.4219753358093337,true,false,false
2020/12/03 13:43:33.516,-1.4194930496232923,true,false,false
2020/12/03 13:43:33.517,-1.415607897562502,true,false,false
2020/12/03 13:43:33.583,-1.411771307460502,true,false,false
2020/12/03 13:43:33.666,-1.4084633461948393,true,false,false
2020/12/03 13:43:33.667,-1.4054649992084296,true,false,false
2020/12/03 13:43:33.733,-1.4028564945237054,true,false,false
2020/12/03 13:43:33.734,-1.4010001859606913,true,false,false
2020/12/03 13:43:33.799,-1.4002036458625875,true,false,false
2020/12/03 13:43:33.833,-1.400171753743579,true,false,false
2020/12/03 13:43:33.834,-1.4003435914807971,true,false,false
2020/12/03 13:43:33.884,-1.399745076117545,true,false,false
2020/12/03 13:43:33.950,-1.399045667014144,false,false,false
2020/12/03 13:43:33.951,-1.3990169797515581,false,false,false
2020/12/03 13:43:34.032,-1.3991807286192328,false,false,false
2020/12/03 13:43:34.066,-1.3991474570723632,false,false,false
2020/12/03 13:43:34.067,-1.3987454833767006,false,false,false
2020/12/03 13:43:34.150,-1.398654572621077,false,false,false
2020/12/03 13:43:34.151,-1.3989497480899218,false,false,false
2020/12/03 13:43:34.266,-1.3992668033218691,false,false,false
2020/12/03 13:43:34.267,-1.39933808338777,false,false,false
2020/12/03 13:43:34.282,-1.3998584478859257,false,false,false
2020/12/03 13:43:34.366,-1.4008949596707778,false,false,false
2020/12/03 13:43:34.367,-1.4017742419749917,false,false,false
2020/12/03 13:43:34.432,-1.4025283155926076,false,false,false
2020/12/03 13:43:34.499,-1.403482926916921,false,false,false
2020/12/03 13:43:34.500,-1.404896909700894,false,false,false
2020/12/03 13:43:34.516,-1.4064736352177782,false,false,false
2020/12/03 13:43:34.599,-1.4080489819712019,false,false,false
2020/12/03 13:43:34.600,-1.4092861976730633,false,false,false
2020/12/03 13:43:34.682,-1.4102999873363542,false,false,false
2020/12/03 13:43:34.683,-1.4114546620003265,false,false,false
2020/12/03 13:43:34.782,-1.4127740325313547,false,false,false
2020/12/03 13:43:34.783,-1.413919738535744,false,false,false
2020/12/03 13:43:34.866,-1.414563811591371,false,false,false
2020/12/03 13:43:34.933,-1.414441647379763,false,false,false
2020/12/03 13:43:34.934,-1.4137891793743238,false,false,false
2020/12/03 13:43:34.999,-1.4128303225676844,false,false,false
2020/12/03 13:43:35.083,-1.4115231913960395,false,false,false
2020/12/03 13:43:35.084,-1.4100066271974496,false,false,false
2020/12/03 13:43:35.150,-1.4078712991191686,false,false,false
2020/12/03 13:43:35.151,-1.4054084101290452,false,false,false
2020/12/03 13:43:35.166,-1.4030415266259244,false,false,false
2020/12/03 13:43:35.167,-1.4012038794643054,false,false,false
2020/12/03 13:43:35.233,-1.400197010972968,false,false,false
2020/12/03 13:43:35.299,-1.3999112670019285,false,false,false
2020/12/03 13:43:35.300,-1.3999677167521898,false,false,false
2020/12/03 13:43:35.383,-1.3997647436793033,false,false,false
2020/12/03 13:43:35.433,-1.3997702037884139,false,false,false
2020/12/03 13:43:35.434,-1.400696836847625,false,false,false
2020/12/03 13:43:35.516,-1.4020691353206396,false,false,false
2020/12/03 13:43:35.517,-1.4029756942324225,false,false,false
2020/12/03 13:43:35.650,-1.40322671281205,false,false,false
2020/12/03 13:43:35.733,-1.4031341886247035,false,false,false
2020/12/03 13:43:35.734,-1.4031234465800244,false,false,false
2020/12/03 13:43:35.784,-1.4032939378729858,false,false,false
2020/12/03 13:43:35.784,-1.4037492349539151,false,false,false
2020/12/03 13:43:35.800,-1.4045959400323116,false,false,false
2020/12/03 13:43:35.866,-1.4054033675881867,false,false,false
2020/12/03 13:43:35.949,-1.4056208603721088,false,false,false
2020/12/03 13:43:35.950,-1.4058388454646267,false,false,false
2020/12/03 13:43:35.966,-1.4060671112088905,false,false,false
2020/12/03 13:43:35.968,-1.4065390166064957,false,false,false
2020/12/03 13:43:35.984,-1.406619551799121,false,false,false
2020/12/03 13:43:36.050,-1.4064001200266065,false,false,false
2020/12/03 13:43:36.051,-1.4062605967942656,false,false,false
2020/12/03 13:43:36.116,-1.4065801003160667,false,false,false
2020/12/03 13:43:36.133,-1.406765284878797,false,false,false
2020/12/03 13:43:36.184,-1.4068056697812037,false,false,false
2020/12/03 13:43:36.200,-1.4062591489547538,false,false,false
2020/12/03 13:43:36.266,-1.4057649752488135,false,false,false
2020/12/03 13:43:36.316,-1.4059767479343563,false,false,false
2020/12/03 13:43:36.317,-1.4060896781645889,false,false,false
2020/12/03 13:43:36.366,-1.4063712066994818,false,false,false
2020/12/03 13:43:36.433,-1.4063654380767034,false,false,false
2020/12/03 13:43:36.434,-1.4058802183879864,false,false,false
2020/12/03 13:43:36.499,-1.406404729646769,false,false,false
2020/12/03 13:43:36.550,-1.408246657032834,false,false,false
2020/12/03 13:43:36.551,-1.4089190399166487,false,false,false
2020/12/03 13:43:36.617,-1.4091213057448657,false,false,false
2020/12/03 13:43:36.666,-1.4097772912692068,false,false,false
2020/12/03 13:43:36.749,-1.410250353327896,false,false,false
2020/12/03 13:43:36.750,-1.410442839115659,false,false,false
2020/12/03 13:43:36.800,-1.4106536709204915,false,false,false
2020/12/03 13:43:36.801,-1.41019300940928,false,false,false
2020/12/03 13:43:36.849,-1.408413977418991,false,false,false
2020/12/03 13:43:36.916,-1.4061379533265128,false,false,false
2020/12/03 13:43:36.917,-1.4043876673817859,false,false,false
2020/12/03 13:43:36.999,-1.4039814886140927,false,false,false
2020/12/03 13:43:37.033,-1.4040982234681803,false,false,false
2020/12/03 13:43:37.034,-1.4047307846676627,false,false,false
2020/12/03 13:43:37.099,-1.405125572646619,false,false,false
2020/12/03 13:43:37.167,-1.4051926774335122,false,false,false
2020/12/03 13:43:37.168,-1.4052738557363593,false,false,false
2020/12/03 13:43:37.233,-1.4053138017734672,false,false,false
2020/12/03 13:43:37.266,-1.4053009899139088,false,false,false
2020/12/03 13:43:37.299,-1.4051841437888406,false,false,false
2020/12/03 13:43:37.316,-1.4051425214752036,false,false,false
2020/12/03 13:43:37.383,-1.405191822984092,false,false,false
2020/12/03 13:43:37.416,-1.4054151344778414,false,false,false
2020/12/03 13:43:37.466,-1.4056151742615948,false,false,false
2020/12/03 13:43:37.499,-1.4056349912109447,false,false,false
2020/12/03 13:43:37.549,-1.4053656131749785,false,false,false
2020/12/03 13:43:37.583,-1.4048806005638406,false,false,false
2020/12/03 13:43:37.617,-1.4044924427942824,false,false,false
2020/12/03 13:43:37.683,-1.4041562813051873,false,false,false
2020/12/03 13:43:37.700,-1.4040607542687362,false,false,false
2020/12/03 13:43:37.716,-1.4042808157035218,false,false,false
2020/12/03 13:43:37.783,-1.4045130402640815,false,false,false
2020/12/03 13:43:37.816,-1.4043530909621196,false,false,false
2020/12/03 13:43:37.866,-1.4042445093135738,false,false,false
2020/12/03 13:43:37.916,-1.4045401853799593,false,false,false
2020/12/03 13:43:37.983,-1.4049720534529022,false,false,false
2020/12/03 13:43:37.984,-1.4053218107176784,false,false,false
2020/12/03 13:43:38.033,-1.40548060143298,false,false,false
2020/12/03 13:43:38.067,-1.4054020061622456,false,false,false
2020/12/03 13:43:38.099,-1.40542446998359,false,false,false
2020/12/03 13:43:38.149,-1.4056731698002798,false,false,false
2020/12/03 13:43:38.183,-1.4059833870793217,false,false,false
2020/12/03 13:43:38.216,-1.4064481559740076,false,false,false
2020/12/03 13:43:38.283,-1.4069067118176162,false,false,false
2020/12/03 13:43:38.284,-1.4071057396439028,false,false,false
2020/12/03 13:43:38.349,-1.407248412008163,false,false,false
2020/12/03 13:43:38.383,-1.4076140981465428,false,false,false
2020/12/03 13:43:38.417,-1.4078354074116624,false,false,false
2020/12/03 13:43:38.466,-1.4079169420890405,false,false,false
2020/12/03 13:43:38.500,-1.4079841153150001,false,false,false
2020/12/03 13:43:38.533,-1.4081399766700062,false,false,false
2020/12/03 13:43:38.633,-1.4083232815950757,false,false,false
2020/12/03 13:43:38.634,-1.4084993350381656,false,false,false
2020/12/03 13:43:38.667,-1.4086185724847298,false,false,false
2020/12/03 13:43:38.699,-1.4086921001726258,false,false,false
2020/12/03 13:43:38.749,-1.4088754170946665,false,false,false
2020/12/03 13:43:38.783,-1.4090305963786853,false,false,false
2020/12/03 13:43:38.817,-1.4094459158337695,false,false,false
2020/12/03 13:43:38.900,-1.4097570491662652,false,false,false
2020/12/03 13:43:38.901,-1.4098895611684255,false,false,false
2020/12/03 13:43:38.933,-1.4099560148719956,false,false,false
2020/12/03 13:43:38.983,-1.410121070766806,false,false,false
2020/12/03 13:43:39.016,-1.4102527424375315,false,false,false
2020/12/03 13:43:39.066,-1.4107190087591583,false,false,false
2020/12/03 13:43:39.100,-1.4111019967366798,false,false,false
2020/12/03 13:43:39.150,-1.411350378932668,false,false,false
2020/12/03 13:43:39.183,-1.4114823916228816,false,false,false
2020/12/03 13:43:39.216,-1.4114755388076297,false,false,false
2020/12/03 13:43:39.250,-1.4116604969130881,false,false,false
2020/12/03 13:43:39.300,-1.4121830019083281,false,false,false
2020/12/03 13:43:39.333,-1.4128646849623854,false,false,false
2020/12/03 13:43:39.383,-1.4135571774386695,false,false,false
2020/12/03 13:43:39.416,-1.4140598431405014,false,false,false
2020/12/03 13:43:39.500,-1.414383905381913,false,false,false
2020/12/03 13:43:39.501,-1.4148014002578833,false,false,false
2020/12/03 13:43:39.549,-1.4155482790971512,false,false,false
2020/12/03 13:43:39.583,-1.4168011275182377,false,false,false
2020/12/03 13:43:39.616,-1.4182057344651264,false,false,false
2020/12/03 13:43:39.666,-1.4190959625874615,false,false,false
2020/12/03 13:43:39.700,-1.4192528040836498,false,false,false
2020/12/03 13:43:39.733,-1.4193329242917985,false,false,false
2020/12/03 13:43:39.783,-1.4197541394382405,false,false,false
2020/12/03 13:43:39.816,-1.4205285402681675,false,false,false
2020/12/03 13:43:39.866,-1.4210148476309479,false,false,false
2020/12/03 13:43:39.916,-1.4213389456216203,false,false,false
2020/12/03 13:43:39.950,-1.4214992418477925,false,false,false
2020/12/03 13:43:39.983,-1.4217544528575397,false,false,false
2020/12/03 13:43:40.017,-1.4221477121481845,false,false,false
2020/12/03 13:43:40.100,-1.4225111058821487,false,false,false
2020/12/03 13:43:40.101,-1.422668403598229,false,false,false
2020/12/03 13:43:40.133,-1.4225177574991126,false,false,false
2020/12/03 13:43:40.183,-1.4224216249333341,false,false,false
2020/12/03 13:43:40.216,-1.4225204886966143,false,false,false
2020/12/03 13:43:40.266,-1.4227503885127337,false,false,false
2020/12/03 13:43:40.300,-1.42315404392303,false,false,false
2020/12/03 13:43:40.350,-1.423646833464631,false,false,false
2020/12/03 13:43:40.383,-1.4241270956231655,false,false,false
2020/12/03 13:43:40.416,-1.4241662267434034,false,false,false
2020/12/03 13:43:40.466,-1.4240149270464688,false,false,false
2020/12/03 13:43:40.500,-1.423990173126028,false,false,false
2020/12/03 13:43:40.533,-1.4239771065262443,false,false,false
2020/12/03 13:43:40.583,-1.424350142079588,false,false,false
2020/12/03 13:43:40.616,-1.4249667196163478,false,false,false
2020/12/03 13:43:40.683,-1.425360696579579,false,false,false
2020/12/03 13:43:40.750,-1.4251661101127562,false,false,false
2020/12/03 13:43:40.751,-1.4248887340060123,false,false,false
2020/12/03 13:43:40.783,-1.4251757911986085,false,false,false
2020/12/03 13:43:40.816,-1.4256814750156632,false,false,false
2020/12/03 13:43:40.883,-1.4263640836694433,false,false,false
2020/12/03 13:43:40.900,-1.4267995179174942,false,false,false
2020/12/03 13:43:40.933,-1.4267557232931456,false,false,false
2020/12/03 13:43:40.983,-1.4268492877402572,false,false,false
2020/12/03 13:43:41.033,-1.427217718177762,false,false,false
2020/12/03 13:43:41.066,-1.4276773634490867,false,false,false
2020/12/03 13:43:41.100,-1.4280464314427357,false,false,false
2020/12/03 13:43:41.150,-1.4287578578519258,false,false,false
2020/12/03 13:43:41.183,-1.4293248898452124,false,false,false
2020/12/03 13:43:41.233,-1.4295184654002318,false,false,false
2020/12/03 13:43:41.300,-1.4293242181608332,false,false,false
2020/12/03 13:43:41.301,-1.429137209590711,false,false,false
2020/12/03 13:43:41.333,-1.4291029313727077,false,false,false
2020/12/03 13:43:41.383,-1.4290855239611457,false,false,false
2020/12/03 13:43:41.416,-1.4288217449084213,false,false,false
2020/12/03 13:43:41.466,-1.4284086576901651,false,false,false
2020/12/03 13:43:41.550,-1.4282629140511727,false,false,false
2020/12/03 13:43:41.551,-1.4282301734201577,false,false,false
2020/12/03 13:43:41.583,-1.4284933551534915,false,false,false
2020/12/03 13:43:41.633,-1.4285474749883071,false,false,false
2020/12/03 13:43:41.666,-1.4287810249110235,false,false,false
2020/12/03 13:43:41.700,-1.4289202847173434,false,false,false
2020/12/03 13:43:41.766,-1.4289832986206126,false,false,false
2020/12/03 13:43:41.783,-1.4290463833539175,false,false,false
2020/12/03 13:43:41.883,-1.4293255826945268,false,false,false
2020/12/03 13:43:41.884,-1.429425981794843,false,false,false
2020/12/03 13:43:41.917,-1.4291500106859891,false,false,false
2020/12/03 13:43:41.950,-1.428976222835534,false,false,false
2020/12/03 13:43:42.000,-1.4292191051079526,false,false,false
2020/12/03 13:43:42.033,-1.4292310999054256,false,false,false
2020/12/03 13:43:42.100,-1.4290660635727932,false,false,false
2020/12/03 13:43:42.100,-1.4290884488701798,false,false,false
2020/12/03 13:43:42.183,-1.4292119322948242,false,false,false
2020/12/03 13:43:42.184,-1.4291099616295586,false,false,false
2020/12/03 13:43:42.266,-1.4289852149966844,false,false,false
2020/12/03 13:43:42.267,-1.429202131269697,false,false,false
2020/12/03 13:43:42.350,-1.4293189145644152,false,false,false
2020/12/03 13:43:42.351,-1.4292293301260008,false,false,false
2020/12/03 13:43:42.433,-1.4289527587794886,false,false,false
2020/12/03 13:43:42.501,-1.429095260114576,false,false,false
2020/12/03 13:43:42.501,-1.429249823545591,false,false,false
2020/12/03 13:43:42.550,-1.4291103987231268,false,false,false
2020/12/03 13:43:42.551,-1.429018885460973,false,false,false
2020/12/03 13:43:42.616,-1.4291556811806165,false,false,false
2020/12/03 13:43:42.634,-1.4291650697471796,false,false,false
2020/12/03 13:43:42.666,-1.4285847799922449,false,false,false
2020/12/03 13:43:42.750,-1.4287837481727101,false,false,false
2020/12/03 13:43:42.751,-1.4292862844638268,false,false,false
2020/12/03 13:43:42.783,-1.4290183378735843,false,false,false
2020/12/03 13:43:42.850,-1.428775725100713,false,false,false
2020/12/03 13:43:42.883,-1.4288646614938152,false,false,false
2020/12/03 13:43:42.916,-1.4289932419846423,false,false,false
2020/12/03 13:43:42.983,-1.4286623017422124,false,false,false
2020/12/03 13:43:42.984,-1.4283546037288637,false,false,false
2020/12/03 13:43:43.083,-1.4281846293411797,false,false,false
2020/12/03 13:43:43.084,-1.4275597151703963,false,false,false
2020/12/03 13:43:43.150,-1.4270479852374178,false,false,false
2020/12/03 13:43:43.151,-1.4268766093446321,false,false,false
2020/12/03 13:43:43.233,-1.426970037456154,false,false,false
2020/12/03 13:43:43.234,-1.4270640963490202,false,false,false
2020/12/03 13:43:43.316,-1.4269459654520762,false,false,false
2020/12/03 13:43:43.317,-1.4266637027083777,false,false,false
2020/12/03 13:43:43.350,-1.4266069405580775,false,false,false
2020/12/03 13:43:43.400,-1.4266613715839689,false,false,false
2020/12/03 13:43:43.433,-1.426632781538948,false,false,false
2020/12/03 13:43:43.466,-1.4266568365280077,false,false,false
2020/12/03 13:43:43.550,-1.4267004342709895,false,false,false
2020/12/03 13:43:43.551,-1.4270005164990114,false,false,false
2020/12/03 13:43:43.616,-1.4272252794994094,false,false,false
2020/12/03 13:43:43.633,-1.4274348526226814,false,false,false
2020/12/03 13:43:43.700,-1.4275109010686278,false,false,false
2020/12/03 13:43:43.750,-1.4270998935300823,false,false,false
2020/12/03 13:43:43.783,-1.426474900017083,false,false,false
2020/12/03 13:43:43.784,-1.426161792396306,false,false,false
2020/12/03 13:43:43.919,-1.4262155831634582,true,false,false
2020/12/03 13:43:43.921,-1.425990667158865,true,false,false
2020/12/03 13:43:43.950,-1.4255828479647579,true,false,false
2020/12/03 13:43:43.951,-1.4253902226094186,true,false,false
2020/12/03 13:43:44.033,-1.4250680171852592,true,false,false
2020/12/03 13:43:44.049,-1.4245389735564735,true,false,false
2020/12/03 13:43:44.099,-1.4240977442598068,true,false,false
2020/12/03 13:43:44.133,-1.4237371287424443,true,false,false
2020/12/03 13:43:44.166,-1.4228613221511408,true,false,false
2020/12/03 13:43:44.199,-1.4213200673094657,true,false,false
2020/12/03 13:43:44.283,-1.4197354368672401,true,false,false
2020/12/03 13:43:44.349,-1.4180676168853044,true,false,false
2020/12/03 13:43:44.350,-1.4158191520737697,true,false,false
2020/12/03 13:43:44.384,-1.4133869458192603,true,false,false
2020/12/03 13:43:44.385,-1.4104570626289403,true,false,false
2020/12/03 13:43:44.450,-1.4067999282709893,true,false,false
2020/12/03 13:43:44.483,-1.4022677927724176,true,false,false
2020/12/03 13:43:44.533,-1.3971367947960922,true,false,false
2020/12/03 13:43:44.617,-1.391791990167923,true,false,false
2020/12/03 13:43:44.618,-1.3861426623010829,true,false,false
2020/12/03 13:43:44.683,-1.3796064074081873,true,false,false
2020/12/03 13:43:44.685,-1.3711999578774339,true,false,false
2020/12/03 13:43:44.717,-1.3548748601186398,true,false,false
2020/12/03 13:43:44.783,-1.324533563527073,true,false,false
2020/12/03 13:43:44.816,-1.2743078829827006,true,false,false
2020/12/03 13:43:44.850,-1.200848747730477,true,false,false
2020/12/03 13:43:44.934,-1.1115318976991202,true,false,false
2020/12/03 13:43:44.935,-1.0162687597954778,true,false,false
2020/12/03 13:43:44.983,-0.9236982080639591,true,false,false
2020/12/03 13:43:45.067,-0.8416382433393369,true,false,false
2020/12/03 13:43:45.068,-0.7755615127433296,true,false,false
2020/12/03 13:43:45.150,-0.7244109863604254,true,false,false
2020/12/03 13:43:45.152,-0.6870507510599454,true,false,false
2020/12/03 13:43:45.167,-0.6600345127786461,true,false,false
2020/12/03 13:43:45.233,-0.6417658832260289,true,false,false
2020/12/03 13:43:45.250,-0.6284935126516116,true,false,false
2020/12/03 13:43:45.300,-0.6195797278375954,true,false,false
2020/12/03 13:43:45.317,-0.6138638492240717,true,false,false
2020/12/03 13:43:45.350,-0.6107009087881657,true,false,false
2020/12/03 13:43:45.400,-0.6097652916735489,true,false,false
2020/12/03 13:43:45.483,-0.61054170144577,true,false,false
2020/12/03 13:43:45.484,-0.6126352212289946,true,false,false
2020/12/03 13:43:45.550,-0.6171189949242476,true,false,false
2020/12/03 13:43:45.567,-0.6252288643678667,true,false,false
2020/12/03 13:43:45.617,-0.6402736026528832,true,false,false
2020/12/03 13:43:45.633,-0.6713755070726636,true,false,false
2020/12/03 13:43:45.684,-0.7284589615535049,true,false,false
2020/12/03 13:43:45.733,-0.8065324121124835,true,false,false
2020/12/03 13:43:45.833,-0.8872226570426591,true,false,false
2020/12/03 13:43:45.834,-0.9678147637309252,true,false,false
2020/12/03 13:43:45.866,-1.0465655752781802,true,false,false
2020/12/03 13:43:45.883,-1.114931186108197,true,false,false
2020/12/03 13:43:45.917,-1.1761164271432751,true,false,false
2020/12/03 13:43:45.967,-1.219950502655029,true,false,false
2020/12/03 13:43:46.017,-1.2593411095241003,true,false,false
2020/12/03 13:43:46.100,-1.2835755581447252,true,false,false
2020/12/03 13:43:46.101,-1.3042147982325074,true,false,false
2020/12/03 13:43:46.150,-1.3186845760358834,true,false,false
2020/12/03 13:43:46.167,-1.3287590532179152,true,false,false
2020/12/03 13:43:46.233,-1.335746731399133,true,false,false
2020/12/03 13:43:46.267,-1.342372015019705,true,false,false
2020/12/03 13:43:46.350,-1.3484206851265788,true,false,false
2020/12/03 13:43:46.351,-1.35340451584471,true,false,false
2020/12/03 13:43:46.417,-1.3573624225825691,true,false,false
2020/12/03 13:43:46.500,-1.3603576552199883,true,false,false
2020/12/03 13:43:46.501,-1.3625548432892227,true,false,false
2020/12/03 13:43:46.534,-1.363692033304784,true,false,false
2020/12/03 13:43:46.535,-1.3644388982794757,true,false,false
2020/12/03 13:43:46.591,-1.364948113364544,false,false,false
2020/12/03 13:43:46.618,-1.3648386267704051,false,false,false
2020/12/03 13:43:46.767,-1.3644583335638925,false,false,false
2020/12/03 13:43:46.768,-1.3637874312170275,false,false,false
2020/12/03 13:43:46.784,-1.3631661533918396,false,false,false
2020/12/03 13:43:46.800,-1.3630880411175965,false,false,false
2020/12/03 13:43:46.850,-1.363634389876797,false,false,false
2020/12/03 13:43:46.851,-1.3642179280342963,false,false,false
2020/12/03 13:43:46.934,-1.364615223096875,false,false,false
2020/12/03 13:43:46.935,-1.3651267256817792,false,false,false
2020/12/03 13:43:47.017,-1.366045542959987,false,false,false
2020/12/03 13:43:47.018,-1.367354255681203,false,false,false
2020/12/03 13:43:47.067,-1.3688960453123604,false,false,false
2020/12/03 13:43:47.084,-1.3706658800336562,false,false,false
2020/12/03 13:43:47.167,-1.372225644062221,false,false,false
2020/12/03 13:43:47.168,-1.3733925632666604,false,false,false
2020/12/03 13:43:47.233,-1.3743365270867194,false,false,false
2020/12/03 13:43:47.301,-1.3752175551906858,false,false,false
2020/12/03 13:43:47.302,-1.3759048057021612,false,false,false
2020/12/03 13:43:47.350,-1.3767517314342648,false,false,false
2020/12/03 13:43:47.383,-1.377849878622396,false,false,false
2020/12/03 13:43:47.417,-1.3785360684613543,false,false,false
2020/12/03 13:43:47.483,-1.3788214762974698,false,false,false
2020/12/03 13:43:47.500,-1.379036137501904,false,false,false
2020/12/03 13:43:47.550,-1.379484625928921,false,false,false
2020/12/03 13:43:47.628,-1.3803893959131452,false,false,false
2020/12/03 13:43:47.629,-1.3815528549331957,false,false,false
2020/12/03 13:43:47.733,-1.3821909772808187,false,false,false
2020/12/03 13:43:47.783,-1.3827565398893202,false,false,false
2020/12/03 13:43:47.784,-1.3832528865698137,false,false,false
2020/12/03 13:43:47.800,-1.3834720452887106,false,false,false
2020/12/03 13:43:47.833,-1.3834770150569062,false,false,false
2020/12/03 13:43:47.917,-1.3836654652207436,false,false,false
2020/12/03 13:43:47.918,-1.3836891196751413,false,false,false
2020/12/03 13:43:47.950,-1.383809120347839,false,false,false
2020/12/03 13:43:47.985,-1.3838863398049925,false,false,false
2020/12/03 13:43:48.033,-1.3839219191605785,false,false,false
2020/12/03 13:43:48.050,-1.383995653720856,false,false,false
2020/12/03 13:43:48.100,-1.3841212758177381,false,false,false
2020/12/03 13:43:48.150,-1.3843450726953765,false,false,false
2020/12/03 13:43:48.217,-1.3846719545187065,false,false,false
2020/12/03 13:43:48.218,-1.3849915434234241,false,false,false
2020/12/03 13:43:48.268,-1.3853042235364856,false,false,false
2020/12/03 13:43:48.317,-1.3857071097457425,false,false,false
2020/12/03 13:43:48.367,-1.3858622938638467,false,false,false
2020/12/03 13:43:48.384,-1.3859643049854413,false,false,false
2020/12/03 13:43:48.433,-1.3860775544646415,false,false,false
2020/12/03 13:43:48.450,-1.3862644672299171,false,false,false
2020/12/03 13:43:48.518,-1.3869215378706288,false,false,false
2020/12/03 13:43:48.583,-1.3880125721719676,false,false,false
2020/12/03 13:43:48.585,-1.3889929449796266,false,false,false
2020/12/03 13:43:48.617,-1.3898084120492302,false,false,false
2020/12/03 13:43:48.667,-1.3905031318330305,false,false,false
2020/12/03 13:43:48.750,-1.3907663340889853,false,false,false
2020/12/03 13:43:48.751,-1.3908320709375834,false,false,false
2020/12/03 13:43:48.783,-1.3910661242017273,false,false,false
2020/12/03 13:43:48.817,-1.3914091418535848,false,false,false
2020/12/03 13:43:48.867,-1.3915051746294027,false,false,false
2020/12/03 13:43:48.917,-1.3916050825661703,false,false,false
2020/12/03 13:43:48.950,-1.391502647150437,false,false,false
2020/12/03 13:43:48.983,-1.3915595102044453,false,false,false
2020/12/03 13:43:49.017,-1.3918468674590008,false,false,false
2020/12/03 13:43:49.083,-1.3919721253948236,false,false,false
2020/12/03 13:43:49.100,-1.3917044801392326,false,false,false
2020/12/03 13:43:49.150,-1.3915921873594848,false,false,false
2020/12/03 13:43:49.183,-1.391582169459657,false,false,false
2020/12/03 13:43:49.217,-1.391735007373755,false,false,false
2020/12/03 13:43:49.250,-1.3921738515727862,false,false,false
2020/12/03 13:43:49.300,-1.39268134792208,false,false,false
2020/12/03 13:43:49.384,-1.393065220513036,false,false,false
2020/12/03 13:43:49.385,-1.3935447049179697,false,false,false
2020/12/03 13:43:49.417,-1.3941538121112083,false,false,false
2020/12/03 13:43:49.467,-1.3947084346826548,false,false,false
2020/12/03 13:43:49.500,-1.3950711046940614,false,false,false
2020/12/03 13:43:49.550,-1.3951981890946528,false,false,false
2020/12/03 13:43:49.583,-1.3954072360526695,false,false,false
2020/12/03 13:43:49.617,-1.3953908253804619,false,false,false
2020/12/03 13:43:49.667,-1.3952290239791423,false,false,false
2020/12/03 13:43:49.717,-1.3949987648000466,false,false,false
2020/12/03 13:43:49.733,-1.3948157340139806,false,false,false
2020/12/03 13:43:49.783,-1.3945850761176608,false,false,false
2020/12/03 13:43:49.817,-1.3946127971014362,false,false,false
2020/12/03 13:43:49.867,-1.394895383379307,false,false,false
2020/12/03 13:43:49.900,-1.3952084831316056,false,false,false
2020/12/03 13:43:49.967,-1.395324370498334,false,false,false
2020/12/03 13:43:50.000,-1.3956594882786586,false,false,false
2020/12/03 13:43:50.017,-1.395930706253764,false,false,false
2020/12/03 13:43:50.067,-1.396093696544661,false,false,false
2020/12/03 13:43:50.100,-1.3963163609452016,false,false,false
2020/12/03 13:43:50.150,-1.396946835096045,false,false,false
2020/12/03 13:43:50.184,-1.3977326404783328,false,false,false
2020/12/03 13:43:50.217,-1.3991046084906658,false,false,false
2020/12/03 13:43:50.267,-1.4009018479759474,false,false,false
2020/12/03 13:43:50.300,-1.4017680424433634,false,false,false
2020/12/03 13:43:50.350,-1.401651016199833,false,false,false
2020/12/03 13:43:50.400,-1.401382740587561,false,false,false
2020/12/03 13:43:50.418,-1.4011633311874485,false,false,false
2020/12/03 13:43:50.483,-1.400933790343067,false,false,false
2020/12/03 13:43:50.517,-1.4009916720987865,false,false,false
2020/12/03 13:43:50.583,-1.4011681706034123,false,false,false
2020/12/03 13:43:50.585,-1.4014420392370464,false,false,false
2020/12/03 13:43:50.634,-1.4017113946923723,false,false,false
2020/12/03 13:43:50.667,-1.4015869466011617,false,false,false
2020/12/03 13:43:50.701,-1.4012879269955836,false,false,false
2020/12/03 13:43:50.750,-1.4013546476243175,false,false,false
2020/12/03 13:43:50.800,-1.4017827885989196,false,false,false
2020/12/03 13:43:50.818,-1.4021283030019038,false,false,false
2020/12/03 13:43:50.868,-1.402513924329119,false,false,false
2020/12/03 13:43:50.917,-1.4032525478940197,false,false,false
2020/12/03 13:43:50.967,-1.404041825314914,false,false,false
2020/12/03 13:43:51.001,-1.4049873823251715,false,false,false
2020/12/03 13:43:51.050,-1.4062377725856865,false,false,false
2020/12/03 13:43:51.084,-1.4072325939897798,false,false,false
2020/12/03 13:43:51.118,-1.4075775890642586,false,false,false
2020/12/03 13:43:51.166,-1.4076600580364436,false,false,false
2020/12/03 13:43:51.200,-1.4077433675979454,false,false,false
2020/12/03 13:43:51.234,-1.4078010139264125,false,false,false
2020/12/03 13:43:51.267,-1.408042202243086,false,false,false
2020/12/03 13:43:51.333,-1.4084205645334964,false,false,false
2020/12/03 13:43:51.367,-1.408575591041783,false,false,false
2020/12/03 13:43:51.384,-1.4084446835944955,false,false,false
2020/12/03 13:43:51.433,-1.408610951823028,false,false,false
2020/12/03 13:43:51.467,-1.4088797001877797,false,false,false
2020/12/03 13:43:51.500,-1.4093807453426455,false,false,false
2020/12/03 13:43:51.567,-1.4099406156978234,false,false,false
2020/12/03 13:43:51.600,-1.4104061508001173,false,false,false
2020/12/03 13:43:51.633,-1.4107356341805082,false,false,false
2020/12/03 13:43:51.684,-1.4109861694696533,false,false,false
2020/12/03 13:43:51.717,-1.4115810853695019,false,false,false
2020/12/03 13:43:51.767,-1.4120966850824808,false,false,false
2020/12/03 13:43:51.800,-1.4122842611919804,false,false,false
2020/12/03 13:43:51.850,-1.412219842422889,false,false,false
2020/12/03 13:43:51.883,-1.4124216352077537,false,false,false
2020/12/03 13:43:51.917,-1.4131278912792196,false,false,false
2020/12/03 13:43:51.967,-1.4135924139236278,false,false,false
2020/12/03 13:43:52.000,-1.413732096070106,false,false,false
2020/12/03 13:43:52.067,-1.4139365342646335,false,false,false
2020/12/03 13:43:52.068,-1.4141572154756008,false,false,false
2020/12/03 13:43:52.117,-1.4143112036307637,false,false,false
2020/12/03 13:43:52.151,-1.4144406423386053,false,false,false
2020/12/03 13:43:52.217,-1.414455293965772,false,false,false
2020/12/03 13:43:52.250,-1.4143540412868432,false,false,false
2020/12/03 13:43:52.284,-1.4142225304596867,false,false,false
2020/12/03 13:43:52.317,-1.4141907992325569,false,false,false
2020/12/03 13:43:52.384,-1.4143162083155199,false,false,false
2020/12/03 13:43:52.416,-1.414157422345379,false,false,false
2020/12/03 13:43:52.450,-1.4136707135230724,false,false,false
2020/12/03 13:43:52.534,-1.4134134524511166,false,false,false
2020/12/03 13:43:52.535,-1.4136339444679367,false,false,false
2020/12/03 13:43:52.584,-1.4137892476924547,false,false,false
2020/12/03 13:43:52.585,-1.413725098796421,false,false,false
2020/12/03 13:43:52.667,-1.4138303851693537,false,false,false
2020/12/03 13:43:52.668,-1.413803440907379,false,false,false
2020/12/03 13:43:52.750,-1.4134411719647608,false,false,false
2020/12/03 13:43:52.767,-1.4133342210863848,false,false,false
2020/12/03 13:43:52.800,-1.413506103353257,false,false,false
2020/12/03 13:43:52.850,-1.413673792958245,false,false,false
2020/12/03 13:43:52.896,-1.4139402275490558,false,false,false
2020/12/03 13:43:52.950,-1.4140779761969748,false,false,false
2020/12/03 13:43:52.984,-1.414200962919863,false,false,false
2020/12/03 13:43:52.985,-1.414507340861636,false,false,false
2020/12/03 13:43:53.067,-1.4148429237574753,false,false,false
2020/12/03 13:43:53.068,-1.4149219041485566,false,false,false
2020/12/03 13:43:53.117,-1.4145472300415942,false,false,false
2020/12/03 13:43:53.183,-1.4142204250097445,false,false,false
2020/12/03 13:43:53.217,-1.4144351971061884,false,false,false
2020/12/03 13:43:53.267,-1.4145491446503646,false,false,false
2020/12/03 13:43:53.268,-1.4143213552375005,false,false,false
2020/12/03 13:43:53.334,-1.4140346711777372,false,false,false
2020/12/03 13:43:53.384,-1.4138144003763045,false,false,false
2020/12/03 13:43:53.417,-1.4136012439594536,false,false,false
2020/12/03 13:43:53.467,-1.4134858159651942,false,false,false
2020/12/03 13:43:53.500,-1.4137305173154984,false,false,false
2020/12/03 13:43:53.551,-1.4141443264641802,false,false,false
2020/12/03 13:43:53.618,-1.414515299391595,false,false,false
2020/12/03 13:43:53.618,-1.414549239461776,false,false,false
2020/12/03 13:43:53.667,-1.4145535588858182,false,false,false
2020/12/03 13:43:53.700,-1.4143304752136034,false,false,false
2020/12/03 13:43:53.734,-1.4139207231844855,false,false,false
2020/12/03 13:43:53.784,-1.4135540424229789,false,false,false
2020/12/03 13:43:53.817,-1.4137396800584736,false,false,false
2020/12/03 13:43:53.867,-1.4141773621343143,false,false,false
2020/12/03 13:43:53.884,-1.414435145985838,false,false,false
2020/12/03 13:43:53.936,-1.4146193378808483,false,false,false
2020/12/03 13:43:53.968,-1.4147749537019827,false,false,false
2020/12/03 13:43:54.017,-1.4148770755123206,false,false,false
2020/12/03 13:43:54.067,-1.4151090626697498,false,false,false
2020/12/03 13:43:54.100,-1.4152283152874015,false,false,false
2020/12/03 13:43:54.117,-1.414888150927432,false,false,false
2020/12/03 13:43:54.184,-1.4146270654471973,false,false,false
2020/12/03 13:43:54.200,-1.4149209347393072,false,false,false
2020/12/03 13:43:54.234,-1.4151712542325445,false,false,false
2020/12/03 13:43:54.300,-1.4145371231186339,false,false,false
2020/12/03 13:43:54.350,-1.41427504579018,false,false,false
2020/12/03 13:43:54.384,-1.4144763795511754,false,false,false
2020/12/03 13:43:54.417,-1.414951291996343,false,false,false
2020/12/03 13:43:54.500,-1.4148028511193727,false,false,false
2020/12/03 13:43:54.501,-1.4139768920460078,false,false,false
2020/12/03 13:43:54.534,-1.4133744925958862,false,false,false
2020/12/03 13:43:54.584,-1.4131970097156674,false,false,false
2020/12/03 13:43:54.617,-1.4130800972560986,false,false,false
2020/12/03 13:43:54.667,-1.4129493687476282,false,false,false
2020/12/03 13:43:54.702,-1.4130398866736855,false,false,false
2020/12/03 13:43:54.767,-1.4129330472697397,false,false,false
2020/12/03 13:43:54.768,-1.4122960160005051,false,false,false
2020/12/03 13:43:54.817,-1.410939046211385,false,false,false
2020/12/03 13:43:54.850,-1.4094602982880642,false,false,false
2020/12/03 13:43:54.900,-1.40835301884894,false,false,false
2020/12/03 13:43:54.934,-1.407486313280226,false,false,false
2020/12/03 13:43:54.984,-1.4071171880469573,false,false,false
2020/12/03 13:43:55.017,-1.407220923335196,false,false,false
2020/12/03 13:43:55.067,-1.407390381684175,false,false,false
2020/12/03 13:43:55.100,-1.4073254636075825,false,false,false
2020/12/03 13:43:55.151,-1.4074506556989752,false,false,false
2020/12/03 13:43:55.184,-1.4079026064914726,false,false,false
2020/12/03 13:43:55.217,-1.4085238981796497,false,false,false
2020/12/03 13:43:55.284,-1.4088777949266384,false,false,false
2020/12/03 13:43:55.317,-1.4087676835527234,false,false,false
2020/12/03 13:43:55.384,-1.4085393057643023,false,false,false
2020/12/03 13:43:55.385,-1.4084465632665015,false,false,false
2020/12/03 13:43:55.417,-1.4079980000865477,false,false,false
2020/12/03 13:43:55.467,-1.4074576931850458,false,false,false
2020/12/03 13:43:55.500,-1.4072251949590064,false,false,false
2020/12/03 13:43:55.550,-1.4071028227284266,false,false,false
2020/12/03 13:43:55.584,-1.4069674153949825,false,false,false
2020/12/03 13:43:55.617,-1.4070686728965989,false,false,false
2020/12/03 13:43:55.667,-1.4072661844852326,false,false,false
2020/12/03 13:43:55.717,-1.4072121645364863,false,false,false
2020/12/03 13:43:55.734,-1.4071144037985424,false,false,false
2020/12/03 13:43:55.784,-1.407003581426913,false,false,false
2020/12/03 13:43:55.817,-1.4069346919808614,false,false,false
2020/12/03 13:43:55.867,-1.4072128516460107,false,false,false
2020/12/03 13:43:55.900,-1.4075304740571666,false,false,false
2020/12/03 13:43:55.967,-1.407904227326736,false,false,false
2020/12/03 13:43:55.968,-1.4083216448217886,false,false,false
2020/12/03 13:43:56.018,-1.4088487868496902,false,false,false
2020/12/03 13:43:56.050,-1.4092521353156524,false,false,false
2020/12/03 13:43:56.101,-1.40953012342319,false,false,false
2020/12/03 13:43:56.134,-1.409804972315452,false,false,false
2020/12/03 13:43:56.184,-1.4097877207897729,false,false,false
2020/12/03 13:43:56.217,-1.4097452791544127,false,false,false
2020/12/03 13:43:56.267,-1.409619692925847,false,false,false
2020/12/03 13:43:56.300,-1.409266444120166,false,false,false
2020/12/03 13:43:56.350,-1.408575597844251,false,false,false
2020/12/03 13:43:56.384,-1.4073542789560953,false,false,false
2020/12/03 13:43:56.417,-1.4059151757061863,false,false,false
2020/12/03 13:43:56.450,-1.4045304715388147,false,false,false
2020/12/03 13:43:56.500,-1.4033597294757603,false,false,false
2020/12/03 13:43:56.551,-1.4016349886121318,false,false,false
2020/12/03 13:43:56.580,-1.3988809197658167,false,false,false
2020/12/03 13:43:56.617,-1.3961129600340858,false,false,false
2020/12/03 13:43:56.667,-1.3933236324618867,false,false,false
2020/12/03 13:43:56.700,-1.3905294384218214,false,false,false
2020/12/03 13:43:56.750,-1.3885143806320666,false,false,false
2020/12/03 13:43:56.784,-1.3875454159437892,false,false,false
2020/12/03 13:43:56.817,-1.3880614826672468,false,false,false
2020/12/03 13:43:56.867,-1.3902664765230854,false,false,false
2020/12/03 13:43:56.901,-1.3931338423367932,false,false,false
2020/12/03 13:43:56.934,-1.394022011780241,false,false,false
2020/12/03 13:43:56.984,-1.39436042698306,false,false,false
2020/12/03 13:43:57.034,-1.395044753196257,false,false,false
2020/12/03 13:43:57.067,-1.3964841410795092,false,false,false
2020/12/03 13:43:57.100,-1.3980829095096965,false,false,false
2020/12/03 13:43:57.167,-1.3984765018553498,false,false,false
2020/12/03 13:43:57.168,-1.3981343598789668,false,false,false
2020/12/03 13:43:57.218,-1.3979836448265817,false,false,false
2020/12/03 13:43:57.267,-1.3983010358112924,false,false,false
2020/12/03 13:43:57.300,-1.399252675479197,false,false,false
2020/12/03 13:43:57.334,-1.4004839200652013,false,false,false
2020/12/03 13:43:57.384,-1.4008058768626304,false,false,false
2020/12/03 13:43:57.417,-1.4003134421890062,false,false,false
2020/12/03 13:43:57.484,-1.3998138024243347,false,false,false
2020/12/03 13:43:57.517,-1.3991440586996484,false,false,false
2020/12/03 13:43:57.550,-1.3987344685915564,false,false,false
2020/12/03 13:43:57.584,-1.3982751831895313,false,false,false
2020/12/03 13:43:57.617,-1.3976578754918925,false,false,false
2020/12/03 13:43:57.667,-1.3972481178992604,false,false,false
2020/12/03 13:43:57.700,-1.3966826326801318,false,false,false
2020/12/03 13:43:57.784,-1.3958940899756043,false,false,false
2020/12/03 13:43:57.785,-1.3945726720981118,false,false,false
2020/12/03 13:43:57.834,-1.3930636018812281,false,false,false
2020/12/03 13:43:57.867,-1.391541260051748,false,false,false
2020/12/03 13:43:57.900,-1.3903562089165247,false,false,false
2020/12/03 13:43:57.951,-1.3892675300395438,false,false,false
2020/12/03 13:43:57.984,-1.3883476989161792,false,false,false
2020/12/03 13:43:58.017,-1.3874370806744887,false,false,false
2020/12/03 13:43:58.067,-1.387023289824583,false,false,false
2020/12/03 13:43:58.101,-1.3870788255350837,false,false,false
2020/12/03 13:43:58.134,-1.3868039425023329,false,false,false
2020/12/03 13:43:58.200,-1.3864408619247515,false,false,false
2020/12/03 13:43:58.217,-1.3858700678221993,false,false,false
2020/12/03 13:43:58.267,-1.3849893130167819,false,false,false
2020/12/03 13:43:58.301,-1.3843347454182864,false,false,false
2020/12/03 13:43:58.367,-1.3836730504837855,false,false,false
2020/12/03 13:43:58.368,-1.383026412208235,false,false,false
2020/12/03 13:43:58.417,-1.3824689322943136,false,false,false
2020/12/03 13:43:58.451,-1.382229087397657,false,false,false
2020/12/03 13:43:58.500,-1.3821234777333091,false,false,false
2020/12/03 13:43:58.534,-1.3818534129324138,false,false,false
2020/12/03 13:43:58.584,-1.381351829818333,false,false,false
2020/12/03 13:43:58.618,-1.3807538554101522,false,false,false
2020/12/03 13:43:58.668,-1.3808634751007975,false,false,false
2020/12/03 13:43:58.751,-1.3815792162345262,false,false,false
2020/12/03 13:43:58.752,-1.3814961744198215,false,false,false
2020/12/03 13:43:58.817,-1.3807951144691524,false,false,false
2020/12/03 13:43:58.818,-1.380105262938633,false,false,false
2020/12/03 13:43:58.867,-1.3803377378953796,false,false,false
2020/12/03 13:43:58.901,-1.3807312881634604,false,false,false
2020/12/03 13:43:58.984,-1.3805784558873047,false,false,false
2020/12/03 13:43:58.985,-1.3799250041455309,false,false,false
2020/12/03 13:43:59.034,-1.378921459293295,false,false,false
2020/12/03 13:43:59.067,-1.3783947937839576,false,false,false
2020/12/03 13:43:59.100,-1.3782616537357009,false,false,false
2020/12/03 13:43:59.151,-1.3784233634946326,false,false,false
2020/12/03 13:43:59.201,-1.3791355423984093,false,false,false
2020/12/03 13:43:59.218,-1.3803211034205212,false,false,false
2020/12/03 13:43:59.301,-1.3815672529276428,false,false,false
2020/12/03 13:43:59.302,-1.3821883253148846,false,false,false
2020/12/03 13:43:59.384,-1.3819071952885342,false,false,false
2020/12/03 13:43:59.385,-1.3813496667434955,false,false,false
2020/12/03 13:43:59.467,-1.3811506869926833,false,false,false
2020/12/03 13:43:59.468,-1.381229935879403,false,false,false
2020/12/03 13:43:59.501,-1.3812473556344016,false,false,false
2020/12/03 13:43:59.551,-1.3813475857994648,false,false,false
2020/12/03 13:43:59.584,-1.3816439338799262,false,false,false
2020/12/03 13:43:59.617,-1.3821669853115828,false,false,false
2020/12/03 13:43:59.684,-1.3828198730773156,false,false,false
2020/12/03 13:43:59.701,-1.3833417028835386,false,false,false
2020/12/03 13:43:59.777,-1.383441170996068,false,false,false
2020/12/03 13:43:59.778,-1.3831484323971828,false,false,false
2020/12/03 13:43:59.884,-1.3828694841411358,false,false,false
2020/12/03 13:43:59.885,-1.3827351784707838,false,false,false
2020/12/03 13:43:59.951,-1.382676509512969,false,false,false
2020/12/03 13:43:59.952,-1.3821532101153549,false,false,false
2020/12/03 13:44:00.018,-1.3812313782170471,false,false,false
2020/12/03 13:44:00.020,-1.3804086678756422,false,false,false
2020/12/03 13:44:00.101,-1.3798301410532692,false,false,false
2020/12/03 13:44:00.102,-1.3794148531544386,false,false,false
2020/12/03 13:44:00.201,-1.3789623514274956,false,false,false
2020/12/03 13:44:00.202,-1.378647116431834,false,false,false
2020/12/03 13:44:00.234,-1.3787349283846677,false,false,false
2020/12/03 13:44:00.284,-1.3791272113016393,false,false,false
2020/12/03 13:44:00.318,-1.3796016533886573,false,false,false
2020/12/03 13:44:00.351,-1.3803070912710147,false,false,false
2020/12/03 13:44:00.401,-1.380799076967282,false,false,false
2020/12/03 13:44:00.434,-1.38121386572956,false,false,false
2020/12/03 13:44:00.484,-1.3811479748291138,false,false,false
2020/12/03 13:44:00.517,-1.3809746968063639,false,false,false
2020/12/03 13:44:00.584,-1.3808863280588164,false,false,false
2020/12/03 13:44:00.585,-1.3808345612251693,false,false,false
2020/12/03 13:44:00.668,-1.380382461040472,true,false,false
2020/12/03 13:44:00.669,-1.3798024162712517,true,false,false
2020/12/03 13:44:00.767,-1.3789884995891617,true,false,false
2020/12/03 13:44:00.768,-1.3782586938236097,true,false,false
2020/12/03 13:44:00.834,-1.3781211825416455,true,false,false
2020/12/03 13:44:00.901,-1.3780476970828417,true,false,false
2020/12/03 13:44:00.902,-1.3772544355263392,true,false,false
2020/12/03 13:44:00.917,-1.3759261821271922,true,false,false
2020/12/03 13:44:00.967,-1.37445265115648,true,false,false
2020/12/03 13:44:01.000,-1.373114202440626,true,false,false
2020/12/03 13:44:01.034,-1.3718669032750677,true,false,false
2020/12/03 13:44:01.067,-1.3705495211770597,true,false,false
2020/12/03 13:44:01.117,-1.3689137919260776,true,false,false
2020/12/03 13:44:01.150,-1.36740729835493,true,false,false
2020/12/03 13:44:01.183,-1.3659095331506903,true,false,false
2020/12/03 13:44:01.234,-1.363454143635632,true,false,false
2020/12/03 13:44:01.267,-1.3597973351909154,true,false,false
2020/12/03 13:44:01.317,-1.3558593982037581,true,false,false
2020/12/03 13:44:01.401,-1.3515464183114165,true,false,false
2020/12/03 13:44:01.402,-1.3462567094000322,true,false,false
2020/12/03 13:44:01.467,-1.3386896970552884,true,false,false
2020/12/03 13:44:01.469,-1.3222951668761171,true,false,false
2020/12/03 13:44:01.551,-1.281555837320236,true,false,false
2020/12/03 13:44:01.584,-1.2179044245182367,true,false,false
2020/12/03 13:44:01.634,-1.1347550054690831,true,false,false
2020/12/03 13:44:01.635,-1.0405680308947198,true,false,false
2020/12/03 13:44:01.734,-0.9462103281462108,true,false,false
2020/12/03 13:44:01.735,-0.8610397170918719,true,false,false
2020/12/03 13:44:01.817,-0.7873437802256407,true,false,false
2020/12/03 13:44:01.834,-0.7277508049862402,true,false,false
2020/12/03 13:44:01.836,-0.6809321707969,true,false,false
2020/12/03 13:44:01.884,-0.6478267263956874,true,false,false
2020/12/03 13:44:02.001,-0.6240270592885876,true,false,false
2020/12/03 13:44:02.002,-0.6049469189600175,true,false,false
2020/12/03 13:44:02.034,-0.5914909127036716,true,false,false
2020/12/03 13:44:02.036,-0.5809147714344772,true,false,false
2020/12/03 13:44:02.068,-0.5723180611264166,true,false,false
2020/12/03 13:44:02.117,-0.5657238268532382,true,false,false
2020/12/03 13:44:02.184,-0.5597442657821742,true,false,false
2020/12/03 13:44:02.201,-0.5575473891368529,true,false,false
2020/12/03 13:44:02.234,-0.5579842909089807,true,false,false
2020/12/03 13:44:02.318,-0.5602741491423768,true,false,false
2020/12/03 13:44:02.351,-0.5650692645352348,true,false,false
2020/12/03 13:44:02.384,-0.5726266723118962,true,false,false
2020/12/03 13:44:02.401,-0.5841418965135337,true,false,false
2020/12/03 13:44:02.451,-0.6004202482638609,true,false,false
2020/12/03 13:44:02.517,-0.6255247764023211,true,false,false
2020/12/03 13:44:02.519,-0.6618880806004187,true,false,false
2020/12/03 13:44:02.584,-0.710564977119241,true,false,false
2020/12/03 13:44:02.684,-0.7703308835881423,true,false,false
2020/12/03 13:44:02.685,-0.84306430706727,true,false,false
2020/12/03 13:44:02.701,-0.9176559092651251,true,false,false
2020/12/03 13:44:02.751,-0.9938730022765208,true,false,false
2020/12/03 13:44:02.752,-1.0675007287492715,true,false,false
2020/12/03 13:44:02.801,-1.1283327657369382,true,false,false
2020/12/03 13:44:02.901,-1.1766018773105895,true,false,false
2020/12/03 13:44:02.902,-1.2130821186973024,true,false,false
2020/12/03 13:44:02.912,-1.246886286295848,true,false,false
2020/12/03 13:44:03.001,-1.2714690285562233,true,false,false
2020/12/03 13:44:03.002,-1.29329377734659,true,false,false
2020/12/03 13:44:03.068,-1.30964063117798,true,false,false
2020/12/03 13:44:03.084,-1.3237185321862739,true,false,false
2020/12/03 13:44:03.151,-1.3340851141491719,true,false,false
2020/12/03 13:44:03.201,-1.3419649600927963,true,false,false
2020/12/03 13:44:03.202,-1.3491072519761735,true,false,false
2020/12/03 13:44:03.267,-1.355397209022325,true,false,false
2020/12/03 13:44:03.317,-1.3616943614280448,true,false,false
2020/12/03 13:44:03.319,-1.3675886037337281,true,false,false
2020/12/03 13:44:03.390,-1.3721659006832974,false,false,false
2020/12/03 13:44:03.401,-1.3756207185279898,false,false,false
2020/12/03 13:44:03.518,-1.3782255293870498,false,false,false
2020/12/03 13:44:03.519,-1.379811371951673,false,false,false
2020/12/03 13:44:03.551,-1.3805155538639933,false,false,false
2020/12/03 13:44:03.568,-1.381428564537504,false,false,false
2020/12/03 13:44:03.618,-1.3830134050938139,false,false,false
2020/12/03 13:44:03.651,-1.3844448545741346,false,false,false
2020/12/03 13:44:03.701,-1.3850129376290294,false,false,false
2020/12/03 13:44:03.718,-1.384103480449277,false,false,false
2020/12/03 13:44:03.801,-1.3821448528034985,false,false,false
2020/12/03 13:44:03.802,-1.379811637138933,false,false,false
2020/12/03 13:44:03.868,-1.377254648877392,false,false,false
2020/12/03 13:44:03.884,-1.3741091098413474,false,false,false
2020/12/03 13:44:03.951,-1.3696640599822971,false,false,false
2020/12/03 13:44:03.968,-1.3628389419764593,false,false,false
2020/12/03 13:44:04.034,-1.3530676859279362,false,false,false
2020/12/03 13:44:04.101,-1.3420224255017392,false,false,false
2020/12/03 13:44:04.134,-1.3313651765556511,false,false,false
2020/12/03 13:44:04.136,-1.3228435755704209,false,false,false
2020/12/03 13:44:04.184,-1.3163445153482372,false,false,false
2020/12/03 13:44:04.284,-1.311003553897733,false,false,false
2020/12/03 13:44:04.285,-1.3061674116658832,false,false,false
2020/12/03 13:44:04.351,-1.302360458942528,false,false,false
2020/12/03 13:44:04.352,-1.2990894918937232,false,false,false
2020/12/03 13:44:04.385,-1.296261086544739,false,false,false
2020/12/03 13:44:04.451,-1.2939374444304126,false,false,false
2020/12/03 13:44:04.452,-1.2917441923544541,false,false,false
2020/12/03 13:44:04.517,-1.2900226274247475,false,false,false
2020/12/03 13:44:04.534,-1.2891155591981867,false,false,false
2020/12/03 13:44:04.584,-1.288819443147215,false,false,false
2020/12/03 13:44:04.617,-1.289332021228159,false,false,false
2020/12/03 13:44:04.718,-1.28992088048398,false,false,false
2020/12/03 13:44:04.770,-1.290161562402428,false,false,false
2020/12/03 13:44:04.776,-1.2900474541390647,false,false,false
2020/12/03 13:44:04.778,-1.290028599510824,false,false,false
2020/12/03 13:44:04.818,-1.2904295232068235,false,false,false
2020/12/03 13:44:04.867,-1.2906482203242893,false,false,false
2020/12/03 13:44:04.900,-1.2898958914965195,false,false,false
2020/12/03 13:44:04.951,-1.2879789159860164,false,false,false
2020/12/03 13:44:05.001,-1.2843750105265939,false,false,false
2020/12/03 13:44:05.002,-1.2786563827692747,false,false,false
2020/12/03 13:44:05.068,-1.2722495908157352,false,false,false
2020/12/03 13:44:05.117,-1.2675451792152936,false,false,false
2020/12/03 13:44:05.151,-1.2645586221483092,false,false,false
2020/12/03 13:44:05.168,-1.2625028545696453,false,false,false
2020/12/03 13:44:05.234,-1.2608500013142117,false,false,false
2020/12/03 13:44:05.318,-1.2597321546682907,false,false,false
2020/12/03 13:44:05.319,-1.2593980876375805,false,false,false
2020/12/03 13:44:05.335,-1.2590147520718444,false,false,false
2020/12/03 13:44:05.385,-1.2583667985185116,false,false,false
2020/12/03 13:44:05.434,-1.2570601056450474,false,false,false
2020/12/03 13:44:05.468,-1.2549851474843259,false,false,false
2020/12/03 13:44:05.551,-1.2527674706287766,false,false,false
2020/12/03 13:44:05.552,-1.2512037500311208,false,false,false
2020/12/03 13:44:05.618,-1.2507542531013938,false,false,false
2020/12/03 13:44:05.619,-1.2506666131645467,false,false,false
2020/12/03 13:44:05.668,-1.2504966523738832,false,false,false
2020/12/03 13:44:05.701,-1.250244524498691,false,false,false
2020/12/03 13:44:05.734,-1.250082538016902,false,false,false
2020/12/03 13:44:05.784,-1.249768350378414,false,false,false
2020/12/03 13:44:05.818,-1.2496635125652023,false,false,false
2020/12/03 13:44:05.901,-1.24986804442649,false,false,false
2020/12/03 13:44:05.902,-1.2502936299036322,false,false,false
2020/12/03 13:44:05.951,-1.250532571684428,false,false,false
2020/12/03 13:44:05.968,-1.2507565600812793,false,false,false
2020/12/03 13:44:06.018,-1.2512025342408042,false,false,false
2020/12/03 13:44:06.068,-1.2516279797201353,false,false,false
2020/12/03 13:44:06.101,-1.251847920385827,false,false,false
2020/12/03 13:44:06.134,-1.2519976703518256,false,false,false
2020/12/03 13:44:06.201,-1.2522695419415455,false,false,false
2020/12/03 13:44:06.218,-1.2522366063752939,false,false,false
2020/12/03 13:44:06.267,-1.2518967855663,false,false,false
2020/12/03 13:44:06.301,-1.2515417599157033,false,false,false
2020/12/03 13:44:06.351,-1.2506149431906723,false,false,false
2020/12/03 13:44:06.384,-1.2486051956448914,false,false,false
2020/12/03 13:44:06.418,-1.2469403716900724,false,false,false
2020/12/03 13:44:06.451,-1.2461039745903268,false,false,false
2020/12/03 13:44:06.501,-1.245996199571608,false,false,false
2020/12/03 13:44:06.551,-1.2458709190901747,false,false,false
2020/12/03 13:44:06.584,-1.245509762342634,false,false,false
2020/12/03 13:44:06.634,-1.245201589860423,false,false,false
2020/12/03 13:44:06.667,-1.2450304757495896,false,false,false
2020/12/03 13:44:06.701,-1.2449963533946744,false,false,false
2020/12/03 13:44:06.751,-1.2449119286806212,false,false,false
2020/12/03 13:44:06.818,-1.2447421740024516,false,false,false
2020/12/03 13:44:06.819,-1.2443855151709142,false,false,false
2020/12/03 13:44:06.868,-1.2441123178683384,false,false,false
2020/12/03 13:44:06.901,-1.2442120899206812,false,false,false
2020/12/03 13:44:06.935,-1.2445843656618336,false,false,false
2020/12/03 13:44:06.984,-1.2449562269084333,false,false,false
2020/12/03 13:44:07.068,-1.2450724378517999,false,false,false
2020/12/03 13:44:07.069,-1.2452923123712443,false,false,false
2020/12/03 13:44:07.118,-1.2457316567710852,false,false,false
2020/12/03 13:44:07.151,-1.246086466453768,false,false,false
2020/12/03 13:44:07.184,-1.2461865159015593,false,false,false
2020/12/03 13:44:07.218,-1.2464786853820111,false,false,false
2020/12/03 13:44:07.268,-1.2468843749092917,false,false,false
2020/12/03 13:44:07.301,-1.2475768956475533,false,false,false
2020/12/03 13:44:07.334,-1.247677418814125,false,false,false
2020/12/03 13:44:07.401,-1.2475809560106828,false,false,false
2020/12/03 13:44:07.434,-1.2475307356057674,false,false,false
2020/12/03 13:44:07.468,-1.2476742750044167,false,false,false
2020/12/03 13:44:07.501,-1.247682182544766,false,false,false
2020/12/03 13:44:07.551,-1.2476414598790744,false,false,false
2020/12/03 13:44:07.584,-1.2476924086760288,false,false,false
2020/12/03 13:44:07.618,-1.2477807648206618,false,false,false
2020/12/03 13:44:07.718,-1.2482379116980766,false,false,false
2020/12/03 13:44:07.719,-1.248913108465303,false,false,false
2020/12/03 13:44:07.751,-1.2495178807364384,false,false,false
2020/12/03 13:44:07.784,-1.249870596500809,false,false,false
2020/12/03 13:44:07.834,-1.2501905155755575,false,false,false
2020/12/03 13:44:07.868,-1.250797077452848,false,false,false
2020/12/03 13:44:07.951,-1.2513867484975953,false,false,false
2020/12/03 13:44:07.952,-1.251626589398866,false,false,false
2020/12/03 13:44:08.001,-1.2517806847765964,false,false,false
2020/12/03 13:44:08.018,-1.2515830191084607,false,false,false
2020/12/03 13:44:08.068,-1.251234977923805,false,false,false
2020/12/03 13:44:08.101,-1.2510246279073758,false,false,false
2020/12/03 13:44:08.151,-1.2510308727260377,false,false,false
2020/12/03 13:44:08.185,-1.251271403668824,false,false,false
2020/12/03 13:44:08.218,-1.2510501553209497,false,false,false
2020/12/03 13:44:08.301,-1.2508471945485176,false,false,false
2020/12/03 13:44:08.351,-1.2508140437642765,false,false,false
2020/12/03 13:44:08.352,-1.2506954263841714,false,false,false
2020/12/03 13:44:08.434,-1.2505591669284406,false,false,false
2020/12/03 13:44:08.435,-1.2506753270465951,false,false,false
2020/12/03 13:44:08.458,-1.2509770440402783,false,false,false
2020/12/03 13:44:08.501,-1.2512645875211943,false,false,false
2020/12/03 13:44:08.552,-1.2513320375391752,false,false,false
2020/12/03 13:44:08.601,-1.2512113944171495,false,false,false
2020/12/03 13:44:08.634,-1.250954977301548,false,false,false
2020/12/03 13:44:08.668,-1.2508512940514518,false,false,false
2020/12/03 13:44:08.768,-1.2508476860388775,false,false,false
2020/12/03 13:44:08.769,-1.2508434333703535,false,false,false
2020/12/03 13:44:08.818,-1.250822817237933,false,false,false
2020/12/03 13:44:08.819,-1.2508041357177957,false,false,false
2020/12/03 13:44:08.901,-1.2507232185641446,false,false,false
2020/12/03 13:44:08.902,-1.2502567067950259,false,false,false
2020/12/03 13:44:08.984,-1.2498254750668583,false,false,false
2020/12/03 13:44:09.001,-1.249503040397957,false,false,false
2020/12/03 13:44:09.035,-1.2496167081546348,false,false,false
2020/12/03 13:44:09.084,-1.2499170908629293,false,false,false
2020/12/03 13:44:09.118,-1.2504814203399048,false,false,false
2020/12/03 13:44:09.151,-1.2509923337761444,false,false,false
2020/12/03 13:44:09.184,-1.2515613679242896,false,false,false
2020/12/03 13:44:09.235,-1.2514760000740517,false,false,false
2020/12/03 13:44:09.285,-1.2511607799684668,false,false,false
2020/12/03 13:44:09.301,-1.2508486507747756,false,false,false
2020/12/03 13:44:09.351,-1.2508431438056669,false,false,false
2020/12/03 13:44:09.418,-1.2515758983661909,false,false,false
2020/12/03 13:44:09.484,-1.252296931036179,false,false,false
2020/12/03 13:44:09.486,-1.252941692239648,false,false,false
2020/12/03 13:44:09.551,-1.2533134267036086,false,false,false
2020/12/03 13:44:09.552,-1.2535273970391738,false,false,false
2020/12/03 13:44:09.618,-1.2535259932711296,false,false,false
2020/12/03 13:44:09.635,-1.2521303718237977,false,false,false
2020/12/03 13:44:09.701,-1.2506043431486045,false,false,false
2020/12/03 13:44:09.702,-1.248836013158573,false,false,false
2020/12/03 13:44:09.801,-1.2459008842874129,false,false,false
2020/12/03 13:44:09.803,-1.2425932664959576,false,false,false
2020/12/03 13:44:09.868,-1.2398829762850463,false,false,false
2020/12/03 13:44:09.869,-1.238774199498592,false,false,false
2020/12/03 13:44:09.951,-1.2391441440392998,false,false,false
2020/12/03 13:44:09.968,-1.239410630055092,false,false,false
2020/12/03 13:44:10.001,-1.2392081142380469,false,false,false
2020/12/03 13:44:10.051,-1.2378538974099953,false,false,false
2020/12/03 13:44:10.101,-1.2355856929385476,false,false,false
2020/12/03 13:44:10.102,-1.2337467180930903,false,false,false
2020/12/03 13:44:10.184,-1.232353324429325,false,false,false
2020/12/03 13:44:10.186,-1.2318144671051094,false,false,false
2020/12/03 13:44:10.268,-1.2325244381377511,false,false,false
2020/12/03 13:44:10.269,-1.2339474842070872,false,false,false
2020/12/03 13:44:10.351,-1.235097250949121,false,false,false
2020/12/03 13:44:10.352,-1.235962317747611,false,false,false
2020/12/03 13:44:10.401,-1.237589827350722,false,false,false
2020/12/03 13:44:10.451,-1.2389895580866404,false,false,false
2020/12/03 13:44:10.501,-1.2395996600838515,false,false,false
2020/12/03 13:44:10.534,-1.2386773723903213,false,false,false
2020/12/03 13:44:10.584,-1.2358405864582596,false,false,false
2020/12/03 13:44:10.634,-1.233091815357644,false,false,false
2020/12/03 13:44:10.636,-1.2321960839186976,false,false,false
2020/12/03 13:44:10.686,-1.2319207018827474,false,false,false
2020/12/03 13:44:10.768,-1.2314230981988656,false,false,false
2020/12/03 13:44:10.769,-1.2308958176004277,false,false,false
2020/12/03 13:44:10.834,-1.230482701481094,false,false,false
2020/12/03 13:44:10.836,-1.2298223611504968,false,false,false
2020/12/03 13:44:10.902,-1.2289073584491905,false,false,false
2020/12/03 13:44:10.985,-1.2275566425008806,false,false,false
2020/12/03 13:44:10.986,-1.2261173292633654,false,false,false
2020/12/03 13:44:11.068,-1.2250788159778034,false,false,false
2020/12/03 13:44:11.069,-1.2238346864985792,false,false,false
2020/12/03 13:44:11.151,-1.2217897370150994,false,false,false
2020/12/03 13:44:11.218,-1.2190875605787215,false,false,false
2020/12/03 13:44:11.219,-1.2170225140838418,false,false,false
2020/12/03 13:44:11.386,-1.2161168010801358,true,false,false
2020/12/03 13:44:11.389,-1.2161458672474568,true,false,false
2020/12/03 13:44:11.469,-1.2163758544182652,true,false,false
2020/12/03 13:44:11.552,-1.2164523628131803,true,false,false
2020/12/03 13:44:11.554,-1.216981462138302,true,false,false
2020/12/03 13:44:11.569,-1.2179651364988782,true,false,false
2020/12/03 13:44:11.636,-1.218662545709977,true,false,false
2020/12/03 13:44:11.638,-1.2200398005980704,true,false,false
2020/12/03 13:44:11.702,-1.2215543430210856,true,false,false
2020/12/03 13:44:11.703,-1.2227194270507529,true,false,false
2020/12/03 13:44:11.785,-1.2234870713312647,true,false,false
2020/12/03 13:44:11.787,-1.2239233923695534,true,false,false
2020/12/03 13:44:11.869,-1.2240205977889553,true,false,false
2020/12/03 13:44:11.968,-1.2239941502027347,true,false,false
2020/12/03 13:44:11.969,-1.2237757553532955,true,false,false
2020/12/03 13:44:12.035,-1.2234146250209104,true,false,false
2020/12/03 13:44:12.036,-1.222817742029118,true,false,false
2020/12/03 13:44:12.185,-1.2218771815328182,true,false,false
2020/12/03 13:44:12.186,-1.2206600370474785,true,false,false
2020/12/03 13:44:12.268,-1.218702041957342,true,false,false
2020/12/03 13:44:12.351,-1.2156583531676026,true,false,false
2020/12/03 13:44:12.353,-1.2040498631556535,true,false,false
2020/12/03 13:44:12.435,-1.1899501245864994,true,false,false
2020/12/03 13:44:12.501,-1.163877755059026,true,false,false
2020/12/03 13:44:12.568,-1.0767746505790494,true,false,false
2020/12/03 13:44:12.569,-1.0134322761589547,true,false,false
2020/12/03 13:44:12.635,-0.9388712513132643,true,false,false
2020/12/03 13:44:12.701,-0.8675693894433829,true,false,false
2020/12/03 13:44:12.702,-0.7231186186759906,true,false,false
2020/12/03 13:44:12.785,-0.6944155577804887,true,false,false
2020/12/03 13:44:12.786,-0.650549312369331,true,false,false
2020/12/03 13:44:12.852,-0.6337654222718717,true,false,false
2020/12/03 13:44:12.853,-0.6187842694754522,true,false,false
2020/12/03 13:44:12.918,-0.6066085089690255,true,false,false
2020/12/03 13:44:12.920,-0.5959127563051306,true,false,false
2020/12/03 13:44:12.985,-0.5876108969196023,true,false,false
2020/12/03 13:44:12.986,-0.5817263677659412,true,false,false
2020/12/03 13:44:13.068,-0.578539910798642,true,false,false
2020/12/03 13:44:13.069,-0.578125656961523,true,false,false
2020/12/03 13:44:13.152,-0.5786444057197017,true,false,false
2020/12/03 13:44:13.218,-0.5794607343479535,true,false,false
2020/12/03 13:44:13.286,-0.5827976827300166,true,false,false
2020/12/03 13:44:13.368,-0.5879426257730052,true,false,false
2020/12/03 13:44:13.435,-0.5952438981408649,true,false,false
2020/12/03 13:44:13.485,-0.6031754338413631,true,false,false
2020/12/03 13:44:13.486,-0.6145593678973928,true,false,false
2020/12/03 13:44:13.568,-0.6394647819936294,true,false,false
2020/12/03 13:44:13.569,-0.7998491240902166,true,false,false
2020/12/03 13:44:13.635,-0.8562569577640238,true,false,false
2020/12/03 13:44:13.636,-0.9169119076978361,true,false,false
2020/12/03 13:44:13.718,-0.9897603746907687,true,false,false
2020/12/03 13:44:13.719,-1.0608333561760903,true,false,false
2020/12/03 13:44:13.785,-1.1126893254408656,true,false,false
2020/12/03 13:44:13.786,-1.1494471026914967,true,false,false
2020/12/03 13:44:13.869,-1.1842391169409436,true,false,false
2020/12/03 13:44:13.968,-1.2091477683381338,true,false,false
2020/12/03 13:44:13.969,-1.2314003447173905,true,false,false
2020/12/03 13:44:14.035,-1.2505989062774345,true,false,false
2020/12/03 13:44:14.036,-1.2661577862686173,true,false,false
2020/12/03 13:44:14.118,-1.2792185472070472,true,false,false
2020/12/03 13:44:14.193,-1.2905860691676387,false,false,false
2020/12/03 13:44:14.194,-1.3005785851406961,false,false,false
2020/12/03 13:44:14.251,-1.3085997347455085,false,false,false
2020/12/03 13:44:14.252,-1.3218707145992463,false,false,false
2020/12/03 13:44:14.318,-1.3236354149895146,false,false,false
2020/12/03 13:44:14.319,-1.3246555739131483,false,false,false
2020/12/03 13:44:14.451,-1.3247407039133892,false,false,false
2020/12/03 13:44:14.452,-1.3242941965267463,false,false,false
2020/12/03 13:44:14.534,-1.3233303923200777,false,false,false
2020/12/03 13:44:14.536,-1.320259112573384,false,false,false
2020/12/03 13:44:14.618,-1.3160468166082115,false,false,false
2020/12/03 13:44:14.684,-1.3129239403852009,false,false,false
2020/12/03 13:44:14.685,-1.311906551332904,false,false,false
2020/12/03 13:44:14.751,-1.3090231144454276,false,false,false
2020/12/03 13:44:14.818,-1.3032148252085285,false,false,false
2020/12/03 13:44:14.820,-1.2935880200992749,false,false,false
2020/12/03 13:44:14.985,-1.279998229916393,false,false,false
2020/12/03 13:44:14.986,-1.2571559057905248,false,false,false
2020/12/03 13:44:15.035,-1.2218159289882535,false,false,false
2020/12/03 13:44:15.085,-1.1758795275958203,false,false,false
2020/12/03 13:44:15.086,-1.0088793577490853,false,false,false
2020/12/03 13:44:15.102,-0.9738976770012032,false,false,false
2020/12/03 13:44:15.103,-0.9512102972146698,false,false,false
2020/12/03 13:44:15.119,-0.9349536885969247,false,false,false
2020/12/03 13:44:15.120,-0.9232652131150793,false,false,false
2020/12/03 13:44:15.135,-0.9153571730293464,false,false,false
2020/12/03 13:44:15.184,-0.9100811589894509,false,false,false
2020/12/03 13:44:15.185,-0.9068513080116258,false,false,false
2020/12/03 13:44:15.236,-0.9056054037487414,false,false,false
2020/12/03 13:44:15.268,-0.9126708618963226,false,false,false
2020/12/03 13:44:15.301,-0.9250515224394286,false,false,false
2020/12/03 13:44:15.334,-0.9397809214512017,false,false,false
2020/12/03 13:44:15.401,-0.9583186607166823,false,false,false
2020/12/03 13:44:15.418,-0.9757729303967605,false,false,false
2020/12/03 13:44:15.502,-0.9943418843621823,false,false,false
2020/12/03 13:44:15.503,-1.016861217830881,false,false,false
2020/12/03 13:44:15.552,-1.046388543985113,false,false,false
2020/12/03 13:44:15.585,-1.0780426681296347,false,false,false
2020/12/03 13:44:15.635,-1.1069252080324468,false,false,false
2020/12/03 13:44:15.668,-1.1241841531464485,false,false,false
2020/12/03 13:44:15.702,-1.1358595655890018,false,false,false
2020/12/03 13:44:15.802,-1.1451937316410794,false,false,false
2020/12/03 13:44:15.803,-1.15691676192381,false,false,false
2020/12/03 13:44:15.868,-1.1615315685752399,false,false,false
2020/12/03 13:44:15.870,-1.156037657929787,false,false,false
2020/12/03 13:44:15.902,-1.148924586415925,false,false,false
2020/12/03 13:44:15.936,-1.1459377152290717,false,false,false
2020/12/03 13:44:15.985,-1.147695000510424,false,false,false
2020/12/03 13:44:16.018,-1.1491915232959797,false,false,false
2020/12/03 13:44:16.102,-1.1486966904509293,false,false,false
2020/12/03 13:44:16.103,-1.146645155080564,false,false,false
2020/12/03 13:44:16.152,-1.1438967536492033,false,false,false
2020/12/03 13:44:16.185,-1.1416581439466407,false,false,false
2020/12/03 13:44:16.268,-1.1368839888259439,false,false,false
2020/12/03 13:44:16.270,-1.1310202507808125,false,false,false
2020/12/03 13:44:16.319,-1.1265588926885786,false,false,false
2020/12/03 13:44:16.369,-1.1229909072819675,false,false,false
2020/12/03 13:44:16.385,-1.1200062048307333,false,false,false
2020/12/03 13:44:16.418,-1.1166933635454888,false,false,false
2020/12/03 13:44:16.485,-1.1127681111764294,false,false,false
2020/12/03 13:44:16.502,-1.1095764779953359,false,false,false
2020/12/03 13:44:16.577,-1.108102797154088,false,false,false
2020/12/03 13:44:16.578,-1.10813697152511,false,false,false
2020/12/03 13:44:16.668,-1.108805582527911,false,false,false
2020/12/03 13:44:16.670,-1.1092981429448723,false,false,false
2020/12/03 13:44:16.718,-1.1091641795785394,false,false,false
2020/12/03 13:44:16.752,-1.1081044544969023,false,false,false
2020/12/03 13:44:16.785,-1.10665737978721,false,false,false
2020/12/03 13:44:16.818,-1.1062203164259121,false,false,false
2020/12/03 13:44:16.901,-1.106537715889248,false,false,false
2020/12/03 13:44:16.903,-1.106788070250702,false,false,false
2020/12/03 13:44:16.985,-1.1061666553966611,false,false,false
2020/12/03 13:44:16.986,-1.1047741251682577,false,false,false
2020/12/03 13:44:17.018,-1.103334728508603,false,false,false
2020/12/03 13:44:17.068,-1.1022788771107246,false,false,false
2020/12/03 13:44:17.152,-1.1013315905825523,false,false,false
2020/12/03 13:44:17.153,-1.1009385579371738,false,false,false
2020/12/03 13:44:17.218,-1.1012895493806256,false,false,false
2020/12/03 13:44:17.220,-1.1020495346088552,false,false,false
2020/12/03 13:44:17.268,-1.1026459667282362,false,false,false
